CASE_ID,ACCIDENT_YEAR,PROC_DATE,JURIS,COLLISION_DATE,COLLISION_TIME,OFFICER_ID,REPORTING_DISTRICT,DAY_OF_WEEK,CHP_SHIFT,POPULATION,CNTY_CITY_LOC,SPECIAL_COND,BEAT_TYPE,CHP_BEAT_TYPE,CITY_DIVISION_LAPD,CHP_BEAT_CLASS,BEAT_NUMBER,PRIMARY_RD,SECONDARY_RD,DISTANCE,DIRECTION,INTERSECTION,WEATHER_1,WEATHER_2,STATE_HWY_IND,CALTRANS_COUNTY,CALTRANS_DISTRICT,STATE_ROUTE,ROUTE_SUFFIX,POSTMILE_PREFIX,POSTMILE,LOCATION_TYPE,RAMP_INTERSECTION,SIDE_OF_HWY,TOW_AWAY,COLLISION_SEVERITY,NUMBER_KILLED,NUMBER_INJURED,PARTY_COUNT,PRIMARY_COLL_FACTOR,PCF_CODE_OF_VIOL,PCF_VIOL_CATEGORY,PCF_VIOLATION,PCF_VIOL_SUBSECTION,HIT_AND_RUN,TYPE_OF_COLLISION,MVIW,PED_ACTION,ROAD_SURFACE,ROAD_COND_1,ROAD_COND_2,LIGHTING,CONTROL_DEVICE,CHP_ROAD_TYPE,PEDESTRIAN_ACCIDENT,BICYCLE_ACCIDENT,MOTORCYCLE_ACCIDENT,TRUCK_ACCIDENT,NOT_PRIVATE_PROPERTY,ALCOHOL_INVOLVED,STWD_VEHTYPE_AT_FAULT,CHP_VEHTYPE_AT_FAULT,COUNT_SEVERE_INJ,COUNT_VISIBLE_INJ,COUNT_COMPLAINT_PAIN,COUNT_PED_KILLED,COUNT_PED_INJURED,COUNT_BICYCLIST_KILLED,COUNT_BICYCLIST_INJURED,COUNT_MC_KILLED,COUNT_MC_INJURED,PRIMARY_RAMP,SECONDARY_RAMP,LATITUDE,LONGITUDE,COUNTY,CITY,POINT_X,POINT_Y
9232240,2021,2021-07-06,2106,2021-02-09,1151,405,,2,5,4,2106,0,0,0,,0,,"DE LONG AV","RT 101",0.00,,Y,A,-,Y,MRN,4,101,-,R,21.034,R,4,S,Y,4,0,1,3,A,-,03,22350,,N,C,C,A,A,H,-,A,A,0,,,,,Y,,I,11,0,0,1,0,0,0,0,0,0,"- ",SO,38.104938507080078,-122.56288146972656,MARIN,NOVATO,-122.56204986572266,38.103977203369141
9241946,2021,2021-04-20,2108,2021-03-07,1607,078,3,7,5,3,2108,0,0,0,,0,003,"CENTER BL","GROVE LN",26.00,W,N,A,-,N,,,,,,,,,,Y,3,0,2,2,A,-,01,23152,A,N,C,C,A,A,H,-,A,D,0,,,,,Y,Y,A,01,0,1,1,0,0,0,0,0,0,"- ","- ",37.97760009765625,-122.56755065917969,MARIN,"SAN ANSELMO",-122.56758880615234,37.977607727050781
9337463,2021,2021-10-19,2109,2021-09-08,0800,662,16,3,5,5,2109,0,0,0,,0,001,"MISSION AV","WILKINS AV",75.00,E,N,A,-,N,,,,,,,,,,Y,3,0,1,1,A,-,08,22107,,N,E,I,A,A,H,-,A,D,0,,,,,Y,Y,A,01,0,1,0,0,0,0,0,0,0,"- ","- ",37.974739074707031,-122.52767181396484,MARIN,"SAN RAFAEL",-122.52645111083984,37.974906921386719
9192786,2021,2021-06-02,2106,2021-03-17,1221,441,N211,3,5,4,2106,0,0,0,,0,NP2,"ATHERTON AV","RT 101",0.00,,Y,A,-,Y,MRN,4,101,-,R,22.135,R,4,S,Y,4,0,2,2,A,-,12,21453,A,N,D,C,A,A,H,-,A,A,0,,,,,Y,,A,01,0,0,2,0,0,0,0,0,0,"- ",SF,38.117378234863281,-122.56540679931641,MARIN,NOVATO,-122.56557464599609,38.119598388671875
9352453,2021,2021-12-16,2106,2021-10-20,1059,421,N213,3,5,4,2106,0,0,0,,0,NP2,"DE LONG AV","REDWOOD BL",0.00,,Y,B,-,N,,,,,,,,,,N,4,0,1,2,A,-,21,22106,,N,C,C,A,A,H,-,A,A,0,,,,,Y,,A,01,0,0,1,0,0,0,0,0,0,"- ","- ",38.104900360107422,-122.57077026367188,MARIN,NOVATO,-122.57093048095703,38.10491943359375
91437240,2021,2021-03-26,9350,2021-03-18,1403,022310,,4,2,9,2100,0,1,2,,2,020,"US-101 N/B","ALEXANDER AVE. U/C",1100.00,S,N,B,C,Y,,,101,,,,,,N,Y,3,0,1,2,A,-,03,22350,,N,B,C,A,B,H,-,A,D,0,,,,Y,Y,,F,26,0,1,0,0,0,0,0,0,0,"- ","- ",37.833301544189453,-122.48217010498047,MARIN,UNINCORPORATED,-122.48222351074219,37.833206176757812
9288457,2021,2021-07-07,2103,2021-05-09,0918,177,EAST,7,5,2,2103,0,0,0,,0,PAT,"SIR FRANCIS DRAKE BL","WILLOW AV",167.00,W,N,A,-,N,,,,,,,,,,N,2,0,1,2,C,-,18,,,N,H,H,A,A,H,-,A,A,0,,,Y,,Y,,-,"- ",1,0,0,0,0,0,0,0,1,"- ","- ",37.986648559570312,-122.58242797851562,MARIN,FAIRFAX,-122.58290863037109,37.986660003662109
91592082,2021,2021-10-08,9350,2021-10-05,0740,016034,,2,1,9,2100,0,1,1,,1,015,"I-580 W/B","MAIN STREET UNDERCROSSING",1320.00,E,N,A,-,Y,,,580,,,,,,W,N,2,0,1,2,A,-,07,21658,A,F,B,C,A,A,H,-,A,D,0,,,Y,,Y,,-,99,1,0,0,0,0,0,0,0,1,"- ","- ",37.942230224609375,-122.47596740722656,MARIN,UNINCORPORATED,-122.4759521484375,37.942317962646484
9249022,2021,2021-04-28,2105,2021-03-06,1556,MV6236,90000,6,5,3,2105,0,0,0,,0,MV2,"KIPLING DR","SHELLY DR",110.00,S,N,A,-,N,,,,,,,,,,N,3,0,1,1,A,-,03,22350,,N,F,G,A,A,H,-,A,D,0,,Y,,,Y,,L,04,0,1,0,0,0,0,1,0,0,"- ","- ",,,MARIN,"MILL VALLEY",-122.52063751220703,37.902759552001953
91604128,2021,2021-10-22,9350,2021-10-16,1310,021586,,6,1,9,2100,0,1,2,,1,080,"US-101 NB","SAN ANTONIO RD",1584.00,S,N,A,-,Y,,,101,,,,,,N,Y,3,0,3,1,A,-,01,23152,F,N,E,8,A,A,H,-,A,D,0,,,,,Y,,A,01,0,2,1,0,0,0,0,0,0,"- ","- ",38.16033935546875,-122.57124328613281,MARIN,UNINCORPORATED,-122.5712890625,38.1602783203125
9367556,2021,2021-12-17,2106,2021-11-20,0957,415,,6,5,4,2106,0,0,0,,0,,"BEL MARIN KEYS BL","HAMILTON DR N",290.00,E,N,A,-,N,,,,,,,,,,Y,3,0,2,2,A,-,09,21804,A,N,D,C,A,A,H,-,A,D,0,,,,Y,Y,,F,26,0,1,1,0,0,0,0,0,0,"- ","- ",38.075038909912109,-122.53762054443359,MARIN,NOVATO,-122.53725433349609,38.076004028320312
9390885,2021,2022-01-25,2105,2021-12-04,1749,MV6240,90001,6,5,3,2105,0,0,0,,0,MV2,"MILLER AV","VALLEY CIR",380.00,S,N,A,-,N,,,,,,,,,,N,4,0,1,2,A,-,05,21650,1,N,D,G,A,A,H,-,C,D,0,,Y,,,Y,,L,04,0,0,1,0,0,0,1,0,0,"- ","- ",,,MARIN,"MILL VALLEY",-122.53330230712891,37.894737243652344
91451055,2021,2021-04-15,9350,2021-03-19,0540,022556,,5,3,5,2109,0,1,1,,1,015,"I-580 E/B","SIR FRANCIS DRAKE BLVD O/C",19.00,W,N,B,-,Y,,,580,,,,,,E,Y,4,0,1,1,A,-,03,22350,,N,E,J,A,B,H,-,D,D,0,,,,,Y,,A,01,0,0,1,0,0,0,0,0,0,"- ","- ",37.946498870849609,-122.49134826660156,MARIN,"SAN RAFAEL",-122.4913330078125,37.946517944335938
91529886,2021,2021-07-27,9350,2021-07-17,1415,020979,,6,2,9,2100,0,2,4,,1,016,"LUCAS VALLEY ROAD","MILLER CREEK ROAD",172.00,W,N,A,-,N,,,,,,,,,,N,3,0,1,2,A,-,07,21658,A,N,B,G,A,A,H,-,A,D,0,,Y,,,Y,,L,04,0,1,0,0,0,0,1,0,0,"- ","- ",38.026988983154297,-122.55370330810547,MARIN,UNINCORPORATED,-122.55356597900391,38.027015686035156
9255394,2021,2021-05-19,2102,2021-04-10,1300,094,2,6,5,2,2102,0,0,0,,0,001,"TAMALPAIS DR","PARADISE DR",36.00,E,N,A,-,N,,,,,,,,,,Y,3,0,2,3,C,-,18,,,N,E,J,A,A,H,-,A,D,0,,,,,Y,,-,"- ",0,2,0,0,0,0,0,0,0,"- ","- ",37.926708221435547,-122.51167297363281,MARIN,"CORTE MADERA",-122.51205444335938,37.926902770996094
9310686,2021,2021-09-20,2106,2021-07-22,1430,343,,4,5,4,2106,0,0,0,,0,,"DENLYN ST","SUNSET PKWY",0.00,,Y,A,-,N,,,,,,,,,,Y,4,0,2,2,A,-,12,22450,,N,D,C,A,A,H,-,A,A,0,,,,,Y,,A,01,0,0,2,0,0,0,0,0,0,"- ","- ",38.082279205322266,-122.56407165527344,MARIN,NOVATO,-122.56396484375,38.082267761230469
9349757,2021,2021-11-22,2110,2021-10-07,1532,SP5272,10000,4,5,2,2110,0,0,0,,0,SP2,BRIDGEWAY,"TURNEY ST",0.00,,Y,B,-,N,,,,,,,,,,Y,4,0,1,2,A,-,01,23152,,F,D,G,A,A,H,-,A,D,0,,Y,,,Y,Y,-,,0,0,1,0,0,0,1,0,0,"- ","- ",,,MARIN,SAUSALITO,-122.48583221435547,37.859569549560547
9354994,2021,2021-11-15,2106,2021-10-04,1800,405,,1,5,4,2106,0,0,0,,0,NP4,"SIMMONS LN","SHADY LN",10.00,S,N,A,-,N,,,,,,,,,,Y,3,0,2,2,A,-,03,22350,,N,C,C,A,A,H,-,A,A,0,,,,,Y,,A,01,0,1,1,0,0,0,0,0,0,"- ","- ",38.114028930664062,-122.58770751953125,MARIN,NOVATO,-122.58761596679688,38.114414215087891
9383590,2021,2022-01-14,2104,2021-12-12,2006,145,1,7,5,3,2104,0,0,0,,0,002,"MAGNOLIA AV","WARD ST",0.00,,Y,C,-,N,,,,,,,,,,N,2,0,2,3,A,-,10,21950,A,N,G,B,B,B,H,-,C,A,0,Y,,,,Y,,A,01,1,1,0,0,2,0,0,0,0,"- ","- ",37.936080932617188,-122.53518676757812,MARIN,LARKSPUR,-122.53518676757812,37.936061859130859
9326674,2021,2021-10-22,2109,2021-09-25,2031,641,26,6,5,5,2109,0,0,0,,0,002,"3RD ST","GRAND AV",0.00,,Y,A,-,N,,,,,,,,,,Y,4,0,1,2,A,-,12,21453,A,N,D,C,A,A,H,-,C,A,0,,,,,Y,,A,01,0,0,1,0,0,0,0,0,0,"- ","- ",37.970970153808594,-122.51882934570312,MARIN,"SAN RAFAEL",-122.51887512207031,37.970973968505859
9385268,2021,2022-01-11,2109,2021-12-27,1400,422,0,1,5,5,2109,0,0,0,,0,005,"LAS GALLINAS AV","LUCAS VALLEY RD",40.00,S,N,B,-,N,,,,,,,,,,N,3,0,1,2,A,-,03,22350,,N,C,C,A,B,H,-,A,A,0,,,,,Y,,A,01,0,1,0,0,0,0,0,0,0,"- ","- ",38.026031494140625,-122.54783630371094,MARIN,"SAN RAFAEL",-122.54780578613281,38.025932312011719
91489942,2021,2021-06-04,9350,2021-06-03,1425,022066,,4,2,9,2100,0,2,4,,1,044,"SIR FRANCIS DRAKE BLVD.","SAGE LANE",351.00,W,N,A,-,N,,,,,,,,,,Y,4,0,2,3,A,-,03,22350,,N,C,C,A,A,H,-,A,D,0,,,,,Y,,D,22,0,0,2,0,0,0,0,0,0,"- ","- ",38.015609741210938,-122.68537139892578,MARIN,UNINCORPORATED,-122.68519592285156,38.015655517578125
91509604,2021,2021-06-30,9350,2021-06-20,0130,022514,,7,3,9,2100,0,2,4,,1,014,"SEQUOIA VALLEY RD","PANORAMIC HWY",62.00,E,N,E,-,N,,,,,,,,,,Y,3,0,1,1,A,-,03,22350,,N,E,I,A,B,H,-,D,D,0,,,,,Y,Y,A,01,0,1,0,0,0,0,0,0,0,"- ","- ",37.893669128417969,-122.55711364746094,MARIN,UNINCORPORATED,-122.55718994140625,37.893692016601562
91542217,2021,2021-08-11,9350,2021-07-26,0707,013918,,1,1,9,2100,0,1,3,,1,012,"RT 1","PANORAMIC HWY",1000.00,S,N,B,-,Y,,,1,,,,,,,Y,2,0,1,1,A,-,08,22107,,N,F,I,A,B,B,-,A,D,0,,,,,Y,,A,01,1,0,0,0,0,0,0,0,0,"- ","- ",37.886428833007812,-122.55113220214844,MARIN,UNINCORPORATED,-122.55160522460938,37.886272430419922
91654971,2021,2021-12-17,9350,2021-12-16,2245,021686,,4,3,4,2106,0,1,2,,2,070,"US-101 NORTHBOUND TO NAVE DRIVE","NAVE DRIVE",280.00,N,N,A,-,Y,,,101,,,,R,,N,Y,4,0,1,2,A,-,03,22350,,N,C,C,A,A,H,-,C,D,0,,,,,Y,,A,07,0,0,1,0,0,0,0,0,0,"- ","- ",38.049209594726562,-122.53134918212891,MARIN,NOVATO,-122.53134918212891,38.049209594726562
9370521,2021,2021-12-27,2109,2021-11-27,1921,637,7,6,5,5,2109,0,0,0,,0,001,"4TH ST","2ND ST",5.00,S,N,A,-,N,,,,,,,,,,N,3,0,1,2,A,-,12,21453,A,F,H,G,A,A,H,-,C,A,0,,Y,,,Y,Y,L,04,0,1,0,0,0,0,1,0,0,"- ","- ",37.974018096923828,-122.54045867919922,MARIN,"SAN RAFAEL",-122.54120635986328,37.974151611328125
9336344,2021,2021-10-18,2110,2021-09-01,1524,SP5272,10001,3,5,2,2110,0,0,0,,0,SP2,BRIDGEWAY,"BRIDGEWAY 1200",0.00,,Y,B,-,N,,,,,,,,,,N,4,0,1,3,A,-,04,21703,,N,C,C,A,A,H,-,A,D,0,,,,,Y,,A,01,0,0,1,0,0,0,0,0,0,"- ","- ",,,MARIN,SAUSALITO,-122.50570678710938,37.872604370117188
91385797,2021,2021-01-12,9350,2021-01-02,1725,022532,,6,2,9,2100,0,1,3,,1,042,SR-1,"FAIRFAX BOLINAS RD",6864.00,S,N,A,-,Y,,,1,,,,,,,Y,3,0,2,2,A,-,05,21460,A,N,A,C,A,A,H,-,D,D,0,,,,,Y,,A,07,0,2,0,0,0,0,0,0,0,"- ","- ",37.925910949707031,-122.68032836914062,MARIN,UNINCORPORATED,-122.68035888671875,37.925876617431641
91465038,2021,2021-05-04,9350,2021-04-26,1642,022415,,1,2,9,2100,0,1,2,,2,020,"US-101 N/B TO GGB VISTA POINT","ALEXANDER AVE",1269.00,S,N,A,-,Y,,,101,,,,R,,N,Y,3,0,1,1,A,-,03,22350,,N,E,I,A,A,H,-,A,D,0,,,,,Y,,A,01,0,1,0,0,0,0,0,0,0,"- ","- ",37.833179473876953,-122.48150634765625,MARIN,UNINCORPORATED,-122.48150634765625,37.833179473876953
9231528,2021,2021-03-25,2109,2021-03-09,0329,639,,2,5,5,2109,0,0,0,,0,003,"RT 580","BELLAM BL",0.00,,Y,A,-,Y,MRN,4,580,-,-,4.402,R,4,E,N,3,0,1,1,A,-,03,22350,,N,E,J,A,B,H,-,C,A,0,,,,,Y,,A,01,0,1,0,0,0,0,0,0,0,"- ","- ",37.960289001464844,-122.50528717041016,MARIN,"SAN RAFAEL",-122.50556945800781,37.959938049316406
9308346,2021,2021-08-31,2104,2021-07-05,1221,026,1C,1,5,3,2104,0,0,0,,0,002,"EAST SIR FRANCIS DRAKE BL","LARKSPUR LANDING CIR",64.00,E,N,A,-,N,,,,,,,,,,Y,3,0,1,2,A,-,03,22350,,N,C,C,A,A,H,-,A,A,0,,,,,Y,,A,01,0,1,0,0,0,0,0,0,0,"- ","- ",37.945430755615234,-122.50756072998047,MARIN,LARKSPUR,-122.51134490966797,37.945869445800781
9382637,2021,2021-12-23,2104,2021-10-20,1344,026,1C,3,5,3,2104,0,0,0,,0,002,"ESFD BL","LARKSPUR LANDING CIR",436.00,E,N,C,-,N,,,,,,,,,,Y,3,0,1,1,A,-,03,22350,,N,E,I,A,B,H,-,A,D,0,,,,,Y,,A,01,0,1,0,0,0,0,0,0,0,"- ","- ",37.948009490966797,-122.50849914550781,MARIN,LARKSPUR,,
91440034,2021,2021-03-31,9350,2021-03-25,0715,015765,,4,1,9,2100,0,1,2,,1,080,"US-101 S/B","SAN ANTONIO RD. OVERCROSSING",5000.00,N,N,A,-,Y,,,101,,,,,,S,Y,2,0,1,1,A,-,03,22350,,N,F,A,A,A,H,-,A,D,0,,,Y,,Y,,C,02,1,0,0,0,0,0,0,0,1,"- ","- ",38.171970367431641,-122.58807373046875,MARIN,UNINCORPORATED,-122.58805847167969,38.171981811523438
91454936,2021,2021-04-21,9350,2021-04-17,1140,022445,,6,1,9,2100,0,2,4,,1,014,"PANORAMIC HWY",SR-1,8184.00,E,N,A,-,N,,,,,,,,,,Y,2,0,1,1,A,-,03,22350,,N,F,J,A,A,H,-,A,D,0,,,Y,,Y,,C,02,1,0,0,0,0,0,0,0,1,"- ","- ",37.893840789794922,-122.62403869628906,MARIN,UNINCORPORATED,-122.62394714355469,37.893695831298828
91492904,2021,2021-06-09,9350,2021-06-06,1425,022441,,7,2,9,2100,0,1,3,,2,022,SR-1,"PANORAMIC HWY",1320.00,S,N,A,-,Y,,,1,,,,,,,Y,2,0,1,1,A,-,03,22350,,N,F,A,A,A,H,-,A,D,0,,,Y,,Y,,C,02,1,0,0,0,0,0,0,0,1,"- ","- ",37.893150329589844,-122.63449096679688,MARIN,UNINCORPORATED,-122.63449096679688,37.893165588378906
9383241,2021,2021-12-31,2102,2021-11-05,0810,094,2A,5,5,2,2102,0,0,0,,0,001,"LUCKY DR","FIFER AV",228.00,W,N,A,-,N,,,,,,,,,,N,3,0,1,2,A,-,11,21954,A,N,G,B,D,A,H,-,A,D,0,Y,,,,Y,,N,60,0,1,0,0,1,0,0,0,0,"- ","- ",37.937908172607422,-122.51998901367188,MARIN,"CORTE MADERA",-122.51995086669922,37.938350677490234
91465046,2021,2021-05-04,9350,2021-04-28,1815,021418,,3,2,9,2100,0,1,2,,1,080,"US-101 S/B","SAN ANTONIO RD O/C",6336.00,N,N,A,-,Y,,,101,,,,,,S,Y,3,0,1,1,A,-,08,22107,,N,E,I,A,A,H,-,A,D,0,,,,,Y,,A,01,0,1,0,0,0,0,0,0,0,"- ","- ",38.174640655517578,-122.59181213378906,MARIN,UNINCORPORATED,-122.59175109863281,38.174720764160156
9383589,2021,2022-01-14,2102,2021-12-21,1148,098,2,2,5,2,2102,0,0,0,,0,001,"TAMALPAIS DR","SAUSALITO ST",2.00,E,N,B,-,N,,,,,,,,,,N,3,0,1,2,A,-,05,21650,,N,H,G,A,A,H,-,A,A,0,,Y,,,Y,,L,04,0,1,0,0,0,0,1,0,0,"- ","- ",37.925281524658203,-122.52230834960938,MARIN,"CORTE MADERA",-122.52229309082031,37.925319671630859
91417538,2021,2021-03-01,9350,2021-02-22,0305,022432,,1,3,9,2100,0,1,2,,1,030,"US-101 S/B","DONAHUE ST.",1584.00,S,N,A,-,Y,,,101,,,,,,S,Y,3,0,1,1,A,-,08,22107,,M,B,I,A,A,H,-,C,D,0,,,,,Y,,D,22,0,1,0,0,0,0,0,0,0,"- ","- ",37.866748809814453,-122.50736999511719,MARIN,UNINCORPORATED,-122.50728607177734,37.866752624511719
91553585,2021,2021-08-25,9350,2021-07-27,1245,015765,,2,1,4,2106,0,1,S,,2,101,"US-101 N/B","NOVATO CREEK BRIDGE N/EDGE",15.00,N,N,A,-,Y,,,101,,,,,,N,Y,4,0,2,2,A,-,08,22107,,N,C,C,A,A,H,-,A,D,0,,,,,Y,,A,01,0,0,2,0,0,0,0,0,0,"- ","- ",38.097030639648438,-122.56156921386719,MARIN,NOVATO,-122.56161499023438,38.097023010253906
9259877,2021,2021-05-25,2109,2021-05-03,1505,651,17,1,5,5,2109,0,0,0,,0,002,"LINCOLN AV","FOURTH ST",0.00,,Y,A,-,N,,,,,,,,,,N,3,0,1,2,A,-,04,21703,,N,C,C,A,A,H,-,A,A,0,,,,,Y,,A,01,0,1,0,0,0,0,0,0,0,"- ","- ",37.972640991210938,-122.52381896972656,MARIN,"SAN RAFAEL",-122.52381896972656,37.972629547119141
91481357,2021,2021-05-27,9350,2021-05-21,1934,022066,,5,2,9,2100,0,1,3,,1,042,SR-1,"HORSESHOE HILL RD",447.00,N,N,A,-,Y,,,1,,,,,,,Y,3,0,2,1,A,-,03,22350,,N,E,I,A,A,H,-,A,D,0,,,,,Y,,A,01,0,2,0,0,0,0,0,0,0,"- ","- ",37.940811157226562,-122.70498657226562,MARIN,UNINCORPORATED,-122.70496368408203,37.9407958984375
91510884,2021,2021-07-01,9350,2021-06-24,1710,021418,,4,2,9,2100,0,1,2,,1,080,"US-101 N/B","MARIN/SONOMA CO. LINE",196.00,S,N,A,-,Y,,,101,,,,,,N,N,4,0,1,2,A,-,07,21658,A,N,B,C,A,A,H,-,A,D,0,,,,,Y,,A,01,0,0,1,0,0,0,0,0,0,"- ","- ",38.181930541992188,-122.60003662109375,MARIN,UNINCORPORATED,-122.59991455078125,38.181995391845703
91537806,2021,2021-08-05,9350,2021-08-03,0654,016034,,2,1,5,2109,0,1,2,,1,060,"US 101 S/B","N. SAN PEDRO ROAD",923.00,S,N,B,-,Y,,,,,,,,,,N,3,0,2,3,A,-,03,22350,,N,C,C,A,A,H,-,A,D,0,,,,,Y,,A,01,0,2,0,0,0,0,0,0,0,"- ","- ",37.991050720214844,-122.53002166748047,MARIN,"SAN RAFAEL",-122.53227996826172,37.994129180908203
9262455,2021,2021-05-11,2109,2021-04-30,1730,591,26,5,5,5,2109,0,0,0,,0,004,"MISSION AV","IRWIN ST",0.00,,Y,A,-,N,,,101,,,,,,,N,4,0,1,2,A,-,08,22107,,N,D,G,A,A,H,-,A,A,0,,Y,,,Y,,A,01,0,0,1,0,0,0,1,0,0,"- ","- ",37.973831176757812,-122.52028656005859,MARIN,"SAN RAFAEL",-122.52097320556641,37.974018096923828
9370497,2021,2022-01-06,2109,2021-12-11,1559,541,46,6,5,5,2109,0,0,0,,0,005,"NOVA ALBION WY","LAS GALLINAS AV",30.00,S,N,A,-,N,,,,,,,,,,N,4,0,1,2,A,-,03,22350,,N,H,G,A,A,H,-,A,D,0,,Y,,,Y,,A,01,0,0,1,0,0,0,1,0,0,"- ","- ",38.008159637451172,-122.54889678955078,MARIN,"SAN RAFAEL",-122.54903411865234,38.008144378662109
91520080,2021,2021-07-14,9350,2021-06-30,1201,013918,,3,1,9,2100,0,1,3,,2,013,"RT 131","CECILIA WAY",0.00,,Y,A,-,Y,,,131,,,,,,,Y,4,0,1,2,A,-,09,21801,A,N,D,C,A,A,H,-,A,D,0,,,,,Y,,A,01,0,0,1,0,0,0,0,0,0,"- ","- ",37.897209167480469,-122.4984130859375,MARIN,UNINCORPORATED,-122.49844360351562,37.897186279296875
9287178,2021,2021-08-19,2109,2021-07-26,2038,527,55,1,5,5,2109,0,0,0,,0,001,"CIVIC CENTER DR","PETER BEHR",0.00,,Y,A,-,N,,,,,,,,,,Y,3,0,1,1,A,-,01,23152,A,N,E,I,A,A,H,-,C,D,0,,,,,Y,Y,A,07,0,1,0,0,0,0,0,0,0,"- ","- ",,,MARIN,"SAN RAFAEL",-122.52879333496094,37.997108459472656
9272860,2021,2021-07-15,2103,2021-05-21,1617,177,WILLO,5,5,2,2103,0,0,0,,0,PAT,"SIR FRANCIS DRAKE BL","PASTORI AV",485.00,W,N,A,-,N,,,,,,,,,,N,3,0,2,3,A,-,03,22350,,N,C,C,A,A,H,-,A,A,0,,,,,Y,,D,22,0,2,0,0,0,0,0,0,0,"- ","- ",37.987010955810547,-122.58453369140625,MARIN,FAIRFAX,-122.58412170410156,37.986701965332031
9273832,2021,2021-06-29,2106,2021-05-19,1327,483,,3,5,4,2106,0,0,0,,0,,"FAIRWAY DR","ALAMEDA DE LA LOMA",0.00,,Y,A,-,N,,,,,,,,,,N,4,0,1,2,A,-,09,21801,A,N,D,C,A,A,H,-,A,D,0,,,,,Y,,A,07,0,0,1,0,0,0,0,0,0,"- ","- ",38.067188262939453,-122.55441284179688,MARIN,NOVATO,-122.55442047119141,38.067272186279297
9221687,2021,2021-02-23,2106,2021-01-12,1810,474,N343,2,5,4,2106,0,0,0,,0,NP3,"ENFRENTE RD","SALVATORE DR",200.00,N,N,A,-,N,,,,,,,,,,N,3,0,2,2,A,-,04,21703,,N,C,C,A,A,H,-,C,D,0,,,,,Y,,D,22,0,1,1,0,0,0,0,0,0,"- ","- ",38.066650390625,-122.53868103027344,MARIN,NOVATO,-122.53865051269531,38.067485809326172
9326586,2021,2021-10-12,2106,2021-07-24,1743,450,N214,6,5,4,2106,0,0,0,,0,NP2,"DE LONG AV","REICHERT AV",0.00,,Y,A,-,,,,,,,,,,,,4,0,2,2,A,-,03,22350,,N,C,C,A,A,H,-,A,A,0,,,,,Y,,A,01,0,0,2,0,0,0,0,0,0,"- ","- ",38.105518341064453,-122.56655120849609,MARIN,NOVATO,-122.56669616699219,38.105587005615234
91419244,2021,2021-03-02,9350,2021-02-22,1457,022578,,1,2,9,2100,0,2,4,,1,044,"SIR FRANCIS DRAKE BOULEVARD","AREQUIPA FIRE ROAD",230.00,W,N,A,-,N,,,,,,,,,,Y,3,0,1,1,A,-,08,22107,,N,E,I,A,A,H,-,A,D,0,,,,,Y,,D,22,0,1,0,0,0,0,0,0,0,"- ","- ",38.00469970703125,-122.61427307128906,MARIN,UNINCORPORATED,,
9260022,2021,2021-05-20,2109,2021-05-03,1107,422,46,1,5,5,2109,0,0,0,,0,005,"MANUEL T FREITAS PKWY","NORTHGATE DR",0.00,,Y,A,-,N,,,,,,,,,,N,3,0,1,2,A,-,03,22350,,N,C,C,A,A,H,-,A,A,0,,,,,Y,,A,07,0,1,0,0,0,0,0,0,0,"- ","- ",38.008499145507812,-122.54828643798828,MARIN,"SAN RAFAEL",-122.5452880859375,38.008007049560547
9326672,2021,2021-10-22,2109,2021-09-16,1318,662,17,4,5,5,2109,0,0,0,,0,002,"LINCOLN AV","3RD ST",165.00,N,N,A,-,N,,,,,,,,,,N,3,0,1,2,A,-,21,22106,,N,G,B,E,A,H,-,A,D,0,Y,,,,Y,,A,01,0,1,0,0,1,0,0,0,0,"- ","- ",37.972129821777344,-122.523681640625,MARIN,"SAN RAFAEL",-122.52396392822266,37.972103118896484
9355520,2021,2021-11-24,2106,2021-08-12,1603,450,N130,4,5,4,2106,0,0,0,,0,NP1,"REDWOOD BL","RUSH CREEK PL",0.00,,Y,A,-,N,,,,,,,,,,,4,0,1,2,A,-,09,21802,A,N,D,C,A,A,H,-,A,A,0,,,,,Y,,D,22,0,0,1,0,0,0,0,0,0,"- ","- ",38.116020202636719,-122.56683349609375,MARIN,NOVATO,-122.56719207763672,38.116107940673828