CASE_ID,ACCIDENT_YEAR,PROC_DATE,JURIS,COLLISION_DATE,COLLISION_TIME,OFFICER_ID,REPORTING_DISTRICT,DAY_OF_WEEK,CHP_SHIFT,POPULATION,CNTY_CITY_LOC,SPECIAL_COND,BEAT_TYPE,CHP_BEAT_TYPE,CITY_DIVISION_LAPD,CHP_BEAT_CLASS,BEAT_NUMBER,PRIMARY_RD,SECONDARY_RD,DISTANCE,DIRECTION,INTERSECTION,WEATHER_1,WEATHER_2,STATE_HWY_IND,CALTRANS_COUNTY,CALTRANS_DISTRICT,STATE_ROUTE,ROUTE_SUFFIX,POSTMILE_PREFIX,POSTMILE,LOCATION_TYPE,RAMP_INTERSECTION,SIDE_OF_HWY,TOW_AWAY,COLLISION_SEVERITY,NUMBER_KILLED,NUMBER_INJURED,PARTY_COUNT,PRIMARY_COLL_FACTOR,PCF_CODE_OF_VIOL,PCF_VIOL_CATEGORY,PCF_VIOLATION,PCF_VIOL_SUBSECTION,HIT_AND_RUN,TYPE_OF_COLLISION,MVIW,PED_ACTION,ROAD_SURFACE,ROAD_COND_1,ROAD_COND_2,LIGHTING,CONTROL_DEVICE,CHP_ROAD_TYPE,PEDESTRIAN_ACCIDENT,BICYCLE_ACCIDENT,MOTORCYCLE_ACCIDENT,TRUCK_ACCIDENT,NOT_PRIVATE_PROPERTY,ALCOHOL_INVOLVED,STWD_VEHTYPE_AT_FAULT,CHP_VEHTYPE_AT_FAULT,COUNT_SEVERE_INJ,COUNT_VISIBLE_INJ,COUNT_COMPLAINT_PAIN,COUNT_PED_KILLED,COUNT_PED_INJURED,COUNT_BICYCLIST_KILLED,COUNT_BICYCLIST_INJURED,COUNT_MC_KILLED,COUNT_MC_INJURED,PRIMARY_RAMP,SECONDARY_RAMP,LATITUDE,LONGITUDE,COUNTY,CITY,POINT_X,POINT_Y
91566743,2021,2021-09-09,9350,2021-09-02,0830,022634,,4,1,2,2110,0,1,2,,2,020,"US 101 N/B","SOUTH END OF ROBIN WILLIAMS TUNNEL",135.00,N,N,A,-,Y,,,,,,,,,,Y,3,0,1,1,A,-,08,22107,,N,F,A,A,A,H,-,A,D,0,,,,,Y,,A,01,0,1,0,0,0,0,0,0,0,"- ","- ",37.843650817871094,-122.48565673828125,MARIN,SAUSALITO,-122.48638916015625,37.846294403076172
91569623,2021,2021-09-14,9350,2021-09-05,1220,022108,,7,1,9,2100,0,1,S,,2,035,"US-101 S/B","ALEXANDER AVENUE",51.00,N,N,A,-,Y,,,101,,,,,,S,Y,3,0,1,2,A,-,03,22350,,N,C,C,A,A,H,-,A,D,0,,,,,Y,,A,01,0,1,0,0,0,0,0,0,0,"- ","- ",37.835769653320312,-122.48497009277344,MARIN,UNINCORPORATED,-122.48494720458984,37.835784912109375
9270283,2021,2021-06-25,2109,2021-05-20,1343,565,7,4,5,5,2109,0,0,0,,0,001,"4TH ST","C ST",0.00,,Y,A,-,N,,,,,,,,,,Y,3,0,1,2,A,-,12,21453,A,N,D,C,A,A,H,-,A,A,0,,,,,Y,,A,07,0,1,0,0,0,0,0,0,0,"- ","- ",37.973388671875,-122.53072357177734,MARIN,"SAN RAFAEL",-122.53073120117188,37.973403930664062
9272525,2021,2021-06-10,2106,2021-05-26,2011,352,N101,3,5,4,2106,0,0,0,,0,NP1,"SAN MARIN DR","TANBARK CT",254.00,E,N,A,-,N,,,,,,,,,,Y,3,0,1,1,A,-,01,23152,A,N,E,J,A,A,H,-,B,A,0,,,,,Y,Y,A,01,0,1,0,0,0,0,0,0,0,"- ","- ",38.120708465576172,-122.58283233642578,MARIN,NOVATO,-122.58205413818359,38.121337890625
9301603,2021,2021-10-06,2105,2021-08-19,1314,MV6236,90000,4,5,3,2105,0,0,0,,0,MV1,"MOLINO AV","MIRABEL AV",200.00,E,N,A,B,N,,,,,,,,,,N,3,0,1,2,A,-,03,22350,,N,B,G,A,A,H,-,-,D,0,,Y,,,Y,,A,01,0,1,0,0,0,0,1,0,0,"- ","- ",,,MARIN,"MILL VALLEY",-122.54409027099609,37.900001525878906
9347701,2021,2021-10-22,2103,2021-08-16,1233,177,DNTN,1,5,2,2103,0,0,0,,0,PAT,"SIR FRANCIS DRAKE BL","PASTORI AV",657.00,W,N,A,-,N,,,,,,,,,,N,3,0,1,2,A,-,03,22350,,N,C,C,A,A,H,-,A,A,0,,,,,Y,,A,01,0,1,0,0,0,0,0,0,0,"- ","- ",37.986991882324219,-122.58470916748047,MARIN,FAIRFAX,-122.58470153808594,37.986808776855469
91379520,2021,2021-01-04,9350,2021-01-01,1520,022066,,5,2,4,2106,0,1,2,,1,080,"US-101 S/B","ATHERTON AVE",4752.00,N,N,A,-,Y,,,101,,,,,,S,Y,4,0,1,1,C,-,18,,,N,E,H,A,A,H,-,A,D,0,,,,,Y,,-,"- ",0,0,1,0,0,0,0,0,0,"- ","- ",38.130870819091797,-122.56404113769531,MARIN,NOVATO,-122.56409454345703,38.130878448486328
9272863,2021,2021-08-06,2103,2021-06-10,1251,173,WILLO,4,5,2,2103,0,0,0,,0,PAT,"SIR FRANCIS DRAKE BL","PASTORI AV",627.00,W,N,A,-,N,,,,,,,,,,N,3,0,1,3,A,-,03,22350,,N,C,C,A,A,H,-,A,D,0,,,,Y,Y,,F,26,0,1,0,0,0,0,0,0,0,"- ","- ",37.987010955810547,-122.58453369140625,MARIN,FAIRFAX,-122.58460235595703,37.986789703369141
9289668,2021,2021-07-27,2109,2021-06-24,1119,592,16,4,5,5,2109,0,0,0,,0,002,"THIRD ST","A ST",0.00,,Y,A,-,N,,,,,,,,,,N,3,0,1,2,A,-,10,21950,A,N,A,B,B,A,H,-,A,A,0,Y,,,,Y,,A,01,0,1,0,0,1,0,0,0,0,"- ","- ",37.971939086914062,-122.52806091308594,MARIN,"SAN RAFAEL",-122.52838134765625,37.972160339355469
9338745,2021,2021-10-12,2106,2021-08-21,1802,450,N430,6,5,4,2106,0,0,0,,0,NP4,"VALLEJO AV","3RD ST",0.00,,Y,A,-,N,,,,,,,,,,Y,4,0,2,2,A,-,09,21802,A,N,D,C,A,A,H,-,A,A,0,,,,,Y,,A,01,0,0,2,0,0,0,0,0,0,"- ","- ",38.109588623046875,-122.57315063476562,MARIN,NOVATO,-122.57289123535156,38.1102294921875
9351736,2021,2021-11-15,2109,2021-10-29,1809,649,19,5,5,5,2109,0,0,0,,0,003,"FRANCISCO BL E","YACHT CLUB DR",0.00,,Y,A,-,N,,,,,,,,,,N,2,0,1,2,A,-,09,21804,A,N,A,G,A,A,D,-,A,D,0,,Y,,,Y,,A,01,1,0,0,0,0,0,1,0,0,"- ","- ",37.964981079101562,-122.51278686523438,MARIN,"SAN RAFAEL",-122.51722717285156,37.966941833496094
91597802,2021,2021-10-15,9350,2021-10-08,0133,022623,,5,3,9,2100,0,1,2,,1,080,"US-101 N/B","ATHERTON AVENUE",6125.00,N,N,A,-,Y,,,101,,,,,,N,Y,2,0,2,1,A,-,08,22107,,N,E,I,A,A,H,-,D,D,0,,,,,Y,,A,07,1,1,0,0,0,0,0,0,0,"- ","- ",38.13433837890625,-122.56356811523438,MARIN,UNINCORPORATED,-122.56369781494141,38.134330749511719
9373199,2021,2021-12-20,2109,2021-11-22,1714,657,6,1,5,5,2109,0,0,0,,0,001,"MISSION AV","BRYN MAWR DR",6.00,W,N,A,-,N,,,,,,,,,,N,3,0,1,2,A,-,10,21950,A,N,G,B,B,A,H,-,C,D,0,Y,,,,Y,,A,01,0,1,0,0,1,0,0,0,0,"- ","- ",37.975738525390625,-122.53437805175781,MARIN,"SAN RAFAEL",-122.53355407714844,37.975360870361328
91452309,2021,2021-04-16,9350,2021-04-14,1111,016034,,3,1,9,2100,0,1,1,,1,015,"I-580 E/B","MAIN STREET UNDERCROSSING",1056.00,E,N,A,-,Y,,,580,,,,,,E,N,4,0,1,2,A,-,03,22350,,N,C,C,A,A,D,-,A,D,0,,,,,Y,,D,22,0,0,1,0,0,0,0,0,0,"- ","- ",37.942340850830078,-122.47698974609375,MARIN,UNINCORPORATED,-122.47698211669922,37.942398071289062
91591449,2021,2021-10-08,9350,2021-09-14,1230,013918,,2,1,9,2100,0,1,3,,1,012,SR-1,"ALMONTE BLVD.",290.00,N,N,A,-,N,,,1,,,,,,,N,4,0,1,2,A,-,03,22350,,N,C,C,A,A,H,-,A,D,0,,,,,Y,,A,07,0,0,1,0,0,0,0,0,0,"- ","- ",37.881671905517578,-122.52584838867188,MARIN,UNINCORPORATED,-122.52584075927734,37.881660461425781
91654165,2021,2021-12-16,9350,2021-12-13,1114,016034,,1,1,5,2109,0,1,2,,1,060,"US 101 S/B","MISSION AVENUE UNDERCROSSING",112.00,N,N,B,-,Y,,,,,,,,,,Y,4,0,1,2,A,-,07,21658,A,F,B,C,A,B,H,-,A,A,0,,,,,Y,,-,99,0,0,1,0,0,0,0,0,0,"- ","- ",37.974311828613281,-122.52124786376953,MARIN,"SAN RAFAEL",-122.52115631103516,37.974258422851562
91678381,2021,2022-01-14,9350,2021-12-26,0029,022556,,7,3,4,2106,0,1,2,,1,080,"US-101 N/B TO S. NOVATO BLVD","SR-37 W/B OVERCROSSING",380.00,N,N,B,C,Y,,,101,,,,R,,N,Y,3,0,1,1,A,-,03,22350,,N,E,8,A,B,H,-,D,D,0,,,,,Y,,A,01,0,1,0,0,0,0,0,0,0,"- ","- ",38.081138610839844,-122.54656219482422,MARIN,NOVATO,-122.54656219482422,38.081138610839844
9264623,2021,2021-05-24,2109,2021-05-03,1447,648,17,1,5,5,2109,0,0,0,,0,002,"3RD ST","TAMALPAIS AV",0.00,,Y,A,-,N,,,,,,,,,,N,3,0,1,2,A,-,03,22350,,N,C,C,A,A,H,-,A,A,0,,,,,Y,,D,22,0,1,0,0,0,0,0,0,0,"- ","- ",37.971481323242188,-122.52272033691406,MARIN,"SAN RAFAEL",-122.523193359375,37.971549987792969
91400443,2021,2021-02-02,9350,2021-01-22,0830,021075,,5,1,9,2100,0,2,4,,1,046,"POINT REYES PETALUMA ROAD","HICKS VALLEY RD",528.00,E,N,B,C,N,,,,,,,,,,Y,4,0,1,1,A,-,03,22350,,N,E,I,A,B,H,-,A,D,0,,,,,Y,,A,01,0,0,1,0,0,0,0,0,0,"- ","- ",38.150489807128906,-122.70182037353516,MARIN,UNINCORPORATED,-122.70195007324219,38.150405883789062
91659008,2021,2021-12-22,9350,2021-12-14,1040,017729,,2,1,9,2100,0,1,2,,2,050,"US-101 N/B","SR-131 OVER CROSSING",10.00,N,N,A,-,Y,,,101,,,,,,N,Y,4,0,2,2,A,-,03,22350,,N,C,C,A,A,H,-,A,D,0,,,,,Y,,A,07,0,0,2,0,0,0,0,0,0,"- ","- ",37.902889251708984,-122.51551055908203,MARIN,UNINCORPORATED,-122.51558685302734,37.90289306640625
91610637,2021,2021-10-29,9350,2021-10-21,1332,021418,,4,1,9,2100,0,1,2,,2,070,"US-101 N/B FROM MANUEL T. FREITAS PARKWAY","MANUEL T. FREITAS PARKWAY O/C",256.00,S,N,A,-,Y,,,,,,,,,,N,4,0,2,2,A,-,03,22350,,N,D,C,A,B,H,-,A,D,0,,,,,Y,,D,22,0,0,2,0,0,0,0,0,0,"- ","- ",38.006328582763672,-122.54106140136719,MARIN,UNINCORPORATED,-122.54119110107422,38.006721496582031
91425633,2021,2021-03-11,9350,2021-03-09,0735,016533,,2,1,4,2106,0,1,2,,2,070,"US-101 S/B","IGNACIO BLVD. OVER CROSSING",400.00,S,N,B,C,Y,,,101,,,,,,S,Y,4,0,1,1,A,-,03,22350,,N,E,I,A,B,H,-,A,D,0,,,,,Y,,D,22,0,0,1,0,0,0,0,0,0,"- ","- ",38.065219879150391,-122.53652954101562,MARIN,NOVATO,-122.53660583496094,38.065151214599609
91428172,2021,2021-03-16,9350,2021-03-09,2010,022574,,2,2,9,2100,0,1,2,,1,030,"US-101 S/B","SPENCER AVE",4520.00,N,N,B,C,Y,,,101,,,,,,S,Y,4,0,1,2,A,-,03,22350,,N,C,C,A,B,H,-,D,D,0,,,,,Y,,A,01,0,0,1,0,0,0,0,0,0,"- ","- ",37.861328125,-122.50418090820312,MARIN,UNINCORPORATED,-122.50418853759766,37.861316680908203
91457386,2021,2021-04-23,9350,2021-04-22,0837,022373,,4,1,9,2100,0,1,3,,1,012,"RT 1","ERICA RD",800.00,N,N,B,-,Y,,,1,,,,,,,N,3,0,1,2,A,-,05,21460,A,N,B,G,A,A,H,-,A,D,0,,Y,,,Y,,D,22,0,1,0,0,0,0,1,0,0,"- ","- ",37.887248992919922,-122.55126190185547,MARIN,UNINCORPORATED,-122.55126953125,37.88726806640625
91543270,2021,2021-08-12,9350,2021-07-27,1822,021418,,2,2,9,2100,0,1,1,,2,115,"I-580 W/B","MARIN/CONTRA COSTA CO. LINE",1909.00,W,N,A,-,Y,,,580,,,,,,W,N,4,0,1,2,A,-,03,22350,,F,C,C,A,A,H,-,A,D,0,,,,,Y,,-,99,0,0,1,0,0,0,0,0,0,"- ","- ",37.935211181640625,-122.44670867919922,MARIN,UNINCORPORATED,-122.44670867919922,37.935230255126953
9234462,2021,2021-03-16,2105,2021-01-07,1550,MV6328,90001,4,5,3,2105,0,0,0,,0,MV1,"MILLER AV","SUNNYSIDE AV",0.00,,Y,A,-,N,,,,,,,,,,N,3,0,1,2,A,-,10,21950,A,N,G,B,B,A,H,-,A,D,0,Y,,,,Y,,A,01,0,1,0,0,1,0,0,0,0,"- ","- ",,,MARIN,"MILL VALLEY",-122.54769134521484,37.905452728271484
9326870,2021,2021-10-29,2105,2021-09-08,1517,MV6227,MV2,3,5,3,2105,0,0,0,,0,002,"SYCAMORE AV","CAMINO ALTO",505.00,E,N,A,-,N,,,,,,,,,,N,2,0,1,2,A,-,03,22350,,N,A,G,A,A,H,-,A,A,0,,Y,,,Y,,A,01,1,0,0,0,0,0,1,0,0,"- ","- ",,,MARIN,"MILL VALLEY",-122.52842712402344,37.896537780761719
9370350,2021,2022-01-06,2109,2021-12-06,1135,630,26,1,5,5,2109,0,0,0,,0,004,"3RD ST","GRAND AV",0.00,,Y,A,-,N,,,,,,,,,,Y,4,0,1,2,A,-,00,24153,,N,D,C,A,A,H,-,A,A,0,,,,,Y,,D,22,0,0,1,0,0,0,0,0,0,"- ","- ",37.970970153808594,-122.51882934570312,MARIN,"SAN RAFAEL",-122.51887512207031,37.970973968505859
91505038,2021,2021-06-24,9350,2021-06-11,2231,022532,,5,3,5,2109,0,1,1,,1,015,"I-580 E/B","SIR FRANCIS DRAKE BLVD OVERCROSSING",1584.00,W,N,A,-,Y,,,580,,,,,,E,Y,4,0,2,3,A,-,03,22350,,N,C,C,A,A,H,-,D,D,0,,,,,Y,,A,08,0,0,2,0,0,0,0,0,0,"- ","- ",37.949989318847656,-122.49498748779297,MARIN,"SAN RAFAEL",-122.4949951171875,37.949985504150391
91579712,2021,2021-09-27,9350,2021-09-18,1245,022643,,6,1,5,2109,0,1,2,,1,060,"US-101 N/B","SECOND ST",1650.00,S,N,A,-,Y,,,101,,,,,,N,N,4,0,1,2,A,-,03,22350,,M,C,C,A,A,H,-,A,D,0,,,,,Y,,-,99,0,0,1,0,0,0,0,0,0,"- ","- ",37.967178344726562,-122.51801300048828,MARIN,"SAN RAFAEL",-122.51798248291016,37.967231750488281
91614468,2021,2021-11-03,9350,2021-10-24,2338,022432,,7,3,9,2100,0,1,2,,1,080,"US-101 N/B","ATHERTON AVENUE",3696.00,N,N,C,-,Y,,,101,,,,,,N,Y,4,0,1,2,A,-,03,22350,,N,D,C,A,B,H,-,C,D,0,,,,,Y,Y,A,01,0,0,1,0,0,0,0,0,0,"- ","- ",38.128238677978516,-122.56477355957031,MARIN,UNINCORPORATED,-122.56472015380859,38.128215789794922
91517063,2021,2021-07-09,9350,2021-07-03,1130,022388,,6,1,9,2100,0,3,5,,2,003,"EAST STRAWBERRY DRIVE","TIBURON BLVD.",44.00,S,N,A,-,N,,,,,,,,,,N,2,0,1,2,A,-,05,21651,B,N,D,G,A,A,H,-,A,D,0,,Y,,,Y,,L,04,1,0,0,0,0,0,1,0,0,"- ","- ",37.898929595947266,-122.50476837158203,MARIN,UNINCORPORATED,-122.50467681884766,37.898960113525391
91570681,2021,2021-09-15,9350,2021-09-08,1805,022606,,3,2,9,2100,0,1,3,,2,013,SR-131,"GREENWOOD COVE DR",0.00,,Y,A,-,Y,,,131,,,,,,,Y,3,0,1,2,A,-,01,23152,A,N,D,C,A,A,H,-,A,A,0,,,,,Y,Y,A,01,0,1,0,0,0,0,0,0,0,"- ","- ",37.89862060546875,-122.50135803222656,MARIN,UNINCORPORATED,-122.50135040283203,37.898677825927734
91626218,2021,2021-11-16,9350,2021-11-10,1026,016034,,3,1,9,2100,0,1,1,,1,015,"I-580 W/B","MAIN STREET UNDERCROSSING",6336.00,E,N,A,-,Y,,,580,,,,,,W,Y,4,0,1,3,A,-,03,22350,,N,C,C,A,A,H,-,A,D,0,,,,,Y,,A,01,0,0,1,0,0,0,0,0,0,"- ","- ",37.937351226806641,-122.45733642578125,MARIN,UNINCORPORATED,-122.45732116699219,37.937412261962891
91635909,2021,2021-11-29,9350,2021-11-22,1500,022633,,1,2,9,2100,0,1,2,,2,070,"US 101 NB","LUCAS VALLEY RD. UNDERCROSSING",2112.00,N,N,A,-,Y,,,,,,,,,,Y,4,0,1,2,A,-,03,22350,,N,C,C,A,A,H,-,A,D,0,,,,,Y,,A,07,0,0,1,0,0,0,0,0,0,"- ","- ",38.030601501464844,-122.53742218017578,MARIN,UNINCORPORATED,-122.53913879394531,38.021224975585938
91463399,2021,2021-04-30,9350,2021-04-19,1620,022411,,1,2,9,2100,0,1,2,,2,040,"US-101 N/B TO SR-131",SR-131,522.00,S,N,A,-,Y,,,101,,,,R,,N,Y,2,0,1,2,A,-,08,22107,,N,E,I,A,A,H,-,A,D,0,,Y,,,Y,,A,01,1,0,0,0,0,0,1,0,0,"- ","- ",37.901378631591797,-122.51524353027344,MARIN,UNINCORPORATED,-122.51524353027344,37.901378631591797
91463564,2021,2021-04-30,9350,2021-04-27,1111,016034,,2,1,5,2109,0,1,2,,1,060,"US 101 N/B","2ND STREET",592.00,S,N,A,-,Y,,,,,,,,,,Y,4,0,1,2,A,-,07,21658,A,N,B,C,A,A,H,-,A,D,0,,,,Y,Y,,A,01,0,0,1,0,0,0,0,0,0,"- ","- ",37.968761444091797,-122.5206298828125,MARIN,"SAN RAFAEL",-122.52096557617188,37.969036102294922
91580064,2021,2021-09-27,9350,2021-09-24,2155,022578,,5,2,9,2100,0,1,S,,2,904,"I-80 W/B","SPRINGS ROAD O/C",150.00,E,N,A,-,Y,,,,,,,,,,N,4,0,1,2,A,-,07,21658,A,F,B,C,A,A,H,-,C,D,0,,,Y,,Y,,-,99,0,0,1,0,0,0,0,0,1,"- ","- ",38.106349945068359,-122.22978973388672,MARIN,UNINCORPORATED,-122.22956848144531,38.106029510498047
91480892,2021,2021-05-27,9350,2021-05-18,1630,021488,,2,2,9,2100,0,1,2,,2,070,"US-101 SOUTHBOUND","MILLER CREEK ROAD OVERCROSSING",2574.00,S,N,A,-,Y,,,101,,,,,,S,Y,3,0,1,1,C,-,18,,,N,E,I,A,A,H,-,A,D,0,,,,,Y,,-,"- ",0,1,0,0,0,0,0,0,0,"- ","- ",38.026500701904297,-122.53806304931641,MARIN,UNINCORPORATED,-122.53810119628906,38.026508331298828
91641915,2021,2021-12-03,9350,2021-11-19,1757,022532,,5,2,5,2109,0,1,2,,2,050,"US-101 N/B","RT 580",1700.00,S,N,B,-,Y,,,101,,,,,,N,N,4,0,2,3,A,-,03,22350,,N,C,C,A,B,H,-,D,D,0,,,,,Y,,A,01,0,0,2,0,0,0,0,0,0,"- ","- ",37.957489013671875,-122.50891876220703,MARIN,"SAN RAFAEL",-122.50888061523438,37.957496643066406
9338471,2021,2021-10-19,2106,2021-09-15,1352,421,,3,5,4,2106,0,0,0,,0,,"DE LONG AV","REICHERT AV",456.00,E,N,A,-,N,,,,,,,,,,N,3,0,1,2,A,-,03,22350,,N,C,C,A,A,H,-,A,A,0,,,,,Y,,A,01,0,1,0,0,0,0,0,0,0,"- ","- ",38.105518341064453,-122.56655120849609,MARIN,NOVATO,-122.56515502929688,38.105316162109375
9382636,2021,2021-12-23,2102,2021-10-21,1743,138,2A,4,5,2,2102,0,0,0,,0,001,"WILLOW AV","REDWOOD AV",2.00,S,N,F,-,N,,,,,,,,,,N,3,0,1,2,A,-,10,21950,A,N,G,B,B,B,H,-,A,A,0,Y,,,,Y,,A,01,0,1,0,0,1,0,0,0,0,"- ","- ",37.927871704101562,-122.52822113037109,MARIN,"CORTE MADERA",-122.52822113037109,37.927845001220703
91395567,2021,2021-01-28,9350,2021-01-24,0317,022578,,7,3,5,2109,0,1,2,,1,060,"US-101 N/B","2ND STREET U/C",45.00,S,N,A,-,Y,,,,,,,,,,Y,2,0,3,1,A,-,03,22350,,N,E,I,A,A,H,-,C,D,0,,,,,Y,,A,01,1,2,0,0,0,0,0,0,0,"- ","- ",37.970390319824219,-121.52169799804688,MARIN,"SAN RAFAEL",-122.52171325683594,37.97039794921875
91566531,2021,2021-09-09,9350,2021-08-31,1440,022643,,2,2,5,2109,0,1,2,,1,060,"US-101 N/B","SECOND STREET",2100.00,S,N,A,-,Y,,,101,,,,,,N,Y,3,0,1,2,A,-,03,22350,,N,C,C,A,A,H,-,A,D,0,,,,,Y,,A,01,0,1,0,0,0,0,0,0,0,"- ","- ",37.966461181640625,-122.5167236328125,MARIN,"SAN RAFAEL",-122.51669311523438,37.966506958007812
9268249,2021,2021-05-27,2106,2021-04-28,0112,450,N420,3,5,4,2106,0,0,0,,0,NP4,"SOUTH NOVATO BL","GARDEN CT",101.00,S,N,A,-,N,,,,,,,,,,N,2,0,1,2,A,-,08,22107,,N,G,B,E,A,H,-,C,A,0,Y,,,,Y,,A,01,1,0,0,0,1,0,0,0,0,"- ","- ",38.0985107421875,-122.87046051025391,MARIN,NOVATO,-122.57015991210938,38.098331451416016
91391193,2021,2021-01-20,9350,2021-01-17,2056,022532,,7,2,5,2109,0,1,2,,1,060,"US-101 (N/B)","N. SAN PEDRO RD.",100.00,N,N,A,-,Y,,,101,,,,,,,Y,3,0,1,2,A,-,01,23152,A,N,B,C,A,A,H,-,D,D,0,,,,,Y,Y,D,22,0,1,0,0,0,0,0,0,0,"- ","- ",37.994998931884766,-122.53262329101562,MARIN,"SAN RAFAEL",-122.53265380859375,37.994976043701172
91457410,2021,2021-04-23,9350,2021-04-22,0829,016034,,4,1,5,2109,0,1,2,,1,060,"US 101 S/B","LINCOLN AVENUE U/C",125.00,S,N,B,-,Y,,,,,,,,,,Y,4,0,2,2,A,-,07,21658,A,N,C,C,A,A,H,-,A,D,0,,,,,Y,,A,07,0,0,2,0,0,0,0,0,0,"- ","- ",37.987201690673828,-122.52616882324219,MARIN,"SAN RAFAEL",-122.52691650390625,37.988079071044922
9370905,2021,2022-01-12,2106,2021-12-04,1734,420,,6,5,4,2106,0,0,0,,0,,"VALLEJO AV","4TH ST",1.00,W,N,-,-,N,,,,,,,,,,Y,3,0,1,2,A,-,01,23153,G,N,G,B,B,A,H,-,C,D,0,Y,,,,Y,Y,A,01,0,1,0,0,1,0,0,0,0,"- ","- ",38.109859466552734,-122.57431793212891,MARIN,NOVATO,-122.57406616210938,38.110481262207031
9376003,2021,2021-12-20,2109,2021-11-19,0643,658,17,5,5,5,2109,0,0,0,,0,002,"4TH ST","LINCOLN AV",0.00,,Y,A,-,N,,,,,,,,,,Y,4,0,1,2,-,-,"- ",,A,N,A,C,A,A,H,-,D,A,0,,Y,,,Y,,D,22,0,0,1,0,0,0,1,0,0,"- ","- ",37.972640991210938,-122.52381896972656,MARIN,"SAN RAFAEL",-122.52381896972656,37.972629547119141
91511324,2021,2021-07-01,9350,2021-06-19,0555,022133,,6,3,9,2100,0,1,2,,2,040,"US-101 N/B","NORTH BRIDGE BLVD",750.00,N,N,A,-,Y,,,101,,,,,,N,Y,4,0,1,1,A,-,01,23152,A,N,F,8,A,A,H,-,B,D,0,,,,,Y,Y,A,01,0,0,1,0,0,0,0,0,0,"- ","- ",37.873710632324219,-122.50789642333984,MARIN,UNINCORPORATED,-122.50798797607422,37.873649597167969
91597641,2021,2021-10-15,9350,2021-10-10,1420,022441,,7,2,9,2100,0,1,3,,1,042,SR-1,"SLIDE RANCH",1584.00,N,N,A,-,Y,,,1,,,,,,,N,3,0,1,3,A,-,05,21460,A,N,B,C,A,A,H,-,A,D,0,,,Y,,Y,,C,02,0,1,0,0,0,0,0,0,1,"- ","- ",37.877460479736328,-122.60492706298828,MARIN,UNINCORPORATED,-122.60493469238281,37.877471923828125
9281115,2021,2021-08-09,2109,2021-06-24,1640,659,11,4,5,5,2109,0,0,0,,0,001,"D ST","1ST ST",0.00,,Y,A,-,N,,,,,,,,,,N,3,0,1,2,A,-,09,21804,,N,D,C,A,A,H,-,A,D,0,,,,,Y,,A,71,0,1,0,0,0,0,0,0,0,"- ","- ",37.97052001953125,-122.53247833251953,MARIN,"SAN RAFAEL",-122.53247833251953,37.970512390136719
9390883,2021,2022-01-25,2105,2021-12-07,1613,MV6238,90001,2,5,3,2105,0,0,0,,0,MV2,"MILLER AV","REED ST",0.00,,Y,A,-,N,,,,,,,,,,N,4,0,1,2,A,-,10,21950,A,N,G,B,B,A,H,-,A,A,0,Y,,,,Y,,-,,0,0,1,0,1,0,0,0,0,"- ","- ",,,MARIN,"MILL VALLEY",-122.53453063964844,37.895236968994141
91385731,2021,2021-01-12,9350,2021-01-02,0615,022433,,6,1,9,2100,0,1,2,,2,070,"US-101 S/B","MILLER CREEK RD",2690.00,N,N,B,C,Y,,,101,,,,,,S,Y,2,0,1,1,A,-,03,22350,,N,E,I,A,B,H,-,D,D,0,,,,,Y,,A,01,1,0,0,0,0,0,0,0,0,"- ","- ",38.041000366210938,-122.53682708740234,MARIN,UNINCORPORATED,-122.53701782226562,38.041057586669922
91592028,2021,2023-02-02,9350,2021-10-02,1105,021075,,6,1,9,2100,0,3,5,,2,006,"WILSON HILL RD","HICKS VALLEY ROAD",6072.00,N,N,A,-,N,,,,,,,,,,Y,3,0,2,2,A,-,03,22350,,N,B,G,A,A,H,-,A,D,0,,Y,Y,,Y,,C,02,0,2,0,0,0,0,1,0,1,"- ","- ",38.181770324707031,-122.72463989257812,MARIN,UNINCORPORATED,-122.72454833984375,38.181900024414062