CASE_ID,ACCIDENT_YEAR,PROC_DATE,JURIS,COLLISION_DATE,COLLISION_TIME,OFFICER_ID,REPORTING_DISTRICT,DAY_OF_WEEK,CHP_SHIFT,POPULATION,CNTY_CITY_LOC,SPECIAL_COND,BEAT_TYPE,CHP_BEAT_TYPE,CITY_DIVISION_LAPD,CHP_BEAT_CLASS,BEAT_NUMBER,PRIMARY_RD,SECONDARY_RD,DISTANCE,DIRECTION,INTERSECTION,WEATHER_1,WEATHER_2,STATE_HWY_IND,CALTRANS_COUNTY,CALTRANS_DISTRICT,STATE_ROUTE,ROUTE_SUFFIX,POSTMILE_PREFIX,POSTMILE,LOCATION_TYPE,RAMP_INTERSECTION,SIDE_OF_HWY,TOW_AWAY,COLLISION_SEVERITY,NUMBER_KILLED,NUMBER_INJURED,PARTY_COUNT,PRIMARY_COLL_FACTOR,PCF_CODE_OF_VIOL,PCF_VIOL_CATEGORY,PCF_VIOLATION,PCF_VIOL_SUBSECTION,HIT_AND_RUN,TYPE_OF_COLLISION,MVIW,PED_ACTION,ROAD_SURFACE,ROAD_COND_1,ROAD_COND_2,LIGHTING,CONTROL_DEVICE,CHP_ROAD_TYPE,PEDESTRIAN_ACCIDENT,BICYCLE_ACCIDENT,MOTORCYCLE_ACCIDENT,TRUCK_ACCIDENT,NOT_PRIVATE_PROPERTY,ALCOHOL_INVOLVED,STWD_VEHTYPE_AT_FAULT,CHP_VEHTYPE_AT_FAULT,COUNT_SEVERE_INJ,COUNT_VISIBLE_INJ,COUNT_COMPLAINT_PAIN,COUNT_PED_KILLED,COUNT_PED_INJURED,COUNT_BICYCLIST_KILLED,COUNT_BICYCLIST_INJURED,COUNT_MC_KILLED,COUNT_MC_INJURED,PRIMARY_RAMP,SECONDARY_RAMP,LATITUDE,LONGITUDE,COUNTY,CITY,POINT_X,POINT_Y
91607583,2021,2021-10-27,9350,2021-10-20,1751,022643,,3,2,5,2109,0,1,2,,1,060,"US-101 N/B","NORTH SAN PEDRO ROAD",610.00,N,N,C,-,Y,,,101,,,,,,N,Y,4,0,1,2,A,-,03,22350,,N,C,C,A,B,H,-,A,D,0,,,,,Y,,A,01,0,0,1,0,0,0,0,0,0,"- ","- ",37.995761871337891,-122.53330230712891,MARIN,"SAN RAFAEL",-122.53324890136719,37.995792388916016
9270410,2021,2021-06-07,2109,2021-05-12,1201,648,13,3,5,5,2109,0,0,0,,0,002,"LINCOLN AV","PROSPECT DR",30.00,N,N,A,-,N,,,,,,,,,,N,3,0,1,2,A,-,08,22102,,N,C,C,A,A,H,-,A,D,0,,Y,,,Y,,A,01,0,1,0,0,0,0,1,0,0,"- ","- ",37.978588104248047,-122.52191162109375,MARIN,"SAN RAFAEL",-122.52790069580078,37.988052368164062
91465296,2021,2021-05-04,9350,2021-04-29,1720,022066,,4,2,9,2100,0,2,4,,1,046,"POINT REYES PETALUMA RD","PLATFORM BRIDGE RD",2112.00,S,N,A,-,N,,,,,,,,,,Y,4,0,2,2,A,-,05,21460,A,N,B,C,A,A,H,-,A,D,0,,,,,Y,,A,07,0,0,2,0,0,0,0,0,0,"- ","- ",38.071891784667969,-122.77030181884766,MARIN,UNINCORPORATED,-122.76358795166016,38.069038391113281
91531596,2021,2021-07-29,9350,2021-07-18,1451,022373,,7,2,9,2100,0,3,5,,2,006,"NICASIO VALLEY RD","OLD RANCHERIA ROAD",0.00,,Y,A,-,N,,,,,,,,,,Y,3,0,1,2,A,-,09,21802,A,N,D,C,A,A,H,-,A,D,0,,,,,Y,,A,01,0,1,0,0,0,0,0,0,0,"- ","- ",38.061729431152344,-122.69915771484375,MARIN,UNINCORPORATED,,
9288471,2021,2021-07-08,2104,2021-05-11,1700,094,1C,2,5,3,2104,0,0,0,,0,002,"ESFD BL","LARKSPUR LANDING CIR",482.00,E,N,A,-,N,,,,,,,,,,N,3,0,2,2,A,-,03,22350,,N,C,C,A,A,H,-,A,D,0,,,,,Y,,A,01,0,2,0,0,0,0,0,0,0,"- ","- ",37.945430755615234,-122.50756072998047,MARIN,LARKSPUR,,
9337525,2021,2021-10-07,2109,2021-08-27,1820,655,22,5,5,5,2109,0,0,0,,0,003,"BELLAM BL","KERNER BL",0.00,,Y,A,-,N,,,,,,,,,,N,4,0,1,3,A,-,03,22350,,N,C,C,A,A,H,-,A,A,0,,,,,Y,,A,01,0,0,1,0,0,0,0,0,0,"- ","- ",37.961471557617188,-122.50182342529297,MARIN,"SAN RAFAEL",-122.50186157226562,37.961578369140625
9374171,2021,2022-01-04,2105,2021-11-24,1255,MV6236,90000,3,5,3,2105,0,0,0,,0,MV2,"MILLER AV","MONTFORD AV",0.00,,Y,A,-,N,,,,,,,,,,N,4,0,1,2,A,-,09,21802,A,N,D,C,A,A,H,-,A,A,0,,,,,Y,,A,01,0,0,1,0,0,0,0,0,0,"- ","- ",,,MARIN,"MILL VALLEY",-122.53704833984375,37.897487640380859
91470006,2021,2021-05-11,9350,2021-05-06,0005,022395,,4,3,9,2100,0,3,5,,2,003,"GREENWOOD COVE DR","TIBURON BLVD.",1003.00,S,N,A,-,N,,,,,,,,,,Y,4,0,1,2,A,-,08,22107,,N,C,E,A,A,H,-,D,D,0,,,,,Y,,A,01,0,0,1,0,0,0,0,0,0,"- ","- ",37.897090911865234,-122.49884033203125,MARIN,UNINCORPORATED,-122.49890899658203,37.897274017333984
9246846,2021,2021-04-14,2109,2021-03-20,1034,541,26,6,5,5,2109,0,0,0,,0,004,"GRAND AV","3RD ST",0.00,,Y,A,-,N,,,,,,,,,,Y,4,0,1,2,D,-,00,,,N,D,C,A,A,H,-,A,A,0,,,,,Y,,-,"- ",0,0,1,0,0,0,0,0,0,"- ","- ",37.970970153808594,-122.51882934570312,MARIN,"SAN RAFAEL",-122.51887512207031,37.970973968505859
9366689,2021,2022-02-03,2109,2021-12-15,0130,613,23,3,5,5,2109,0,0,0,,0,003,"FRANCISCO BL E","PELICAN WY",0.00,,Y,A,-,N,,,,,,,,,,Y,3,0,2,2,A,-,01,23153,,N,D,C,A,A,H,-,C,D,0,,,,,Y,Y,A,01,0,2,0,0,0,0,0,0,0,"- ","- ",37.949470520019531,-122.49330139160156,MARIN,"SAN RAFAEL",-122.49340057373047,37.948986053466797
9382638,2021,2021-12-23,2108,2021-10-21,0925,082,3,4,5,3,2108,0,0,0,,0,003,"SIR FRANCIS DRAKE BL","SAN FRANCISCO BL",261.00,W,N,B,C,N,,,,,,,,,,N,3,0,1,2,A,-,09,21801,,N,A,C,A,B,H,-,A,D,0,,,,,Y,,A,01,0,1,0,0,0,0,0,0,0,"- ","- ",37.982028961181641,-122.56777954101562,MARIN,"SAN ANSELMO",-122.56963348388672,37.982769012451172
91510352,2021,2021-06-30,9350,2021-06-26,0626,022108,,6,1,9,2100,0,1,2,,2,070,"US-101 NORTHBOUND","BEL MARIN KEYS BLVD",3168.00,S,N,A,-,Y,,,,,,,,,,Y,4,0,1,1,A,-,03,22350,,N,E,I,A,A,H,-,A,D,0,,,,,Y,,A,01,0,0,1,0,0,0,0,0,0,"- ","- ",38.058841705322266,-122.53115081787109,MARIN,UNINCORPORATED,-122.53707122802734,38.066383361816406
91515864,2021,2021-07-08,9350,2021-06-05,1210,022300,,6,1,9,2100,0,2,4,,1,046,"PT. REYES PETALUMA RD.","NOVATO BLVD",0.00,,Y,A,-,N,,,,,,,,,,Y,2,0,3,3,A,-,08,22107,,N,D,G,A,A,H,-,A,D,0,,Y,Y,,Y,,L,04,1,2,0,0,0,0,2,0,1,"- ","- ",38.142601013183594,-122.70568084716797,MARIN,UNINCORPORATED,-122.70568084716797,38.142559051513672
91623013,2021,2021-11-12,9350,2021-11-06,0019,021686,,6,3,9,2100,0,2,4,,2,024,"SIR FRANCIS DRAKE BOULEVARD WESTBOUND","ASH AVENUE",8.00,E,N,A,-,N,,,,,,,,,,Y,2,0,1,1,A,-,08,22107,,N,E,I,A,A,H,-,C,D,0,,,,,Y,,A,01,1,0,0,0,0,0,0,0,0,"- ","- ",37.954311370849609,-122.54575347900391,MARIN,UNINCORPORATED,-122.57437896728516,37.985496520996094
9225622,2021,2021-03-25,2109,2021-02-05,1345,655,7,5,5,5,2109,0,0,0,,0,001,"3RD ST","D ST",77.00,W,N,A,-,N,,,,,,,,,,Y,3,0,1,2,A,-,08,22107,,N,B,C,A,A,H,-,A,D,0,,,Y,,Y,,A,01,0,1,0,0,0,0,0,0,1,"- ","- ",37.972530364990234,-122.53217315673828,MARIN,"SAN RAFAEL",-122.53243255615234,37.972557067871094
9326643,2021,2021-10-22,2104,2021-08-26,0805,078,1,4,5,3,2104,0,0,0,,0,002,"LUCKY DR","DOHERTY DR",31.00,S,N,A,-,N,,,,,,,,,,N,4,0,1,2,A,-,"- ",,,N,H,G,A,A,H,-,A,D,0,,Y,,,Y,,L,04,0,0,1,0,0,0,1,0,0,"- ","- ",37.937709808349609,-122.52381134033203,MARIN,LARKSPUR,-122.52147674560547,37.937431335449219
9378619,2021,2021-12-16,2106,2021-11-23,1606,473,N341,2,5,4,2106,0,0,0,,0,NP3,"BEL MARIN KEYS BL","NAVE DR",0.00,,Y,A,-,Y,MRN,4,101,-,-,18.183,R,4,N,Y,4,0,1,2,A,-,09,21801,A,N,D,C,A,A,H,-,B,A,0,,,,,Y,,A,01,0,0,1,0,0,0,0,0,0,"- ","- ",38.0660400390625,-122.53691101074219,MARIN,NOVATO,-122.53842926025391,38.068706512451172
91534849,2021,2021-08-02,9350,2021-07-21,1031,013918,,3,1,2,2102,0,1,2,,2,050,"US101 N/B TO TAMALPAIS DR.","TAMALPAIS DR OVERCROSSING",300.00,S,N,A,-,Y,,,101,,,,R,,N,Y,4,0,1,1,A,-,03,22350,,N,E,I,A,A,H,-,A,D,0,,,Y,,Y,,C,02,0,0,1,0,0,0,0,0,1,"- ","- ",37.925159454345703,-122.51376342773438,MARIN,"CORTE MADERA",-122.51376342773438,37.925159454345703
91580643,2021,2021-09-27,9350,2021-09-20,1815,022634,,1,2,9,2100,0,3,5,,2,005,"VENDOLA DR W/B","MABRY WAY",718.00,W,N,A,-,N,,,,,,,,,,N,3,0,1,1,A,-,03,22350,,N,F,A,A,A,H,-,A,D,0,,Y,,,Y,,L,04,0,1,0,0,0,0,1,0,0,"- ","- ",38.011600494384766,-122.52607727050781,MARIN,UNINCORPORATED,-122.52601623535156,38.011653900146484
91639738,2021,2021-12-01,9350,2021-11-24,1445,022614,,3,2,2,2110,0,1,2,,1,030,"US-101 S/B","SPENCER AVE U/C",992.00,N,N,A,-,Y,,,101,,,,,,S,N,4,0,1,1,A,-,08,22107,,N,E,I,A,A,H,-,A,D,0,,,,,Y,,A,01,0,0,1,0,0,0,0,0,0,"- ","- ",37.855411529541016,-122.49411010742188,MARIN,SAUSALITO,-122.49404144287109,37.855476379394531
9288520,2021,2021-08-23,2103,2021-06-02,1846,169,DNTN,3,5,2,2103,0,0,0,,0,PAT,"CENTER BL","PACHECO AV",0.00,,Y,A,-,N,,,,,,,,,,N,4,0,1,2,A,-,10,21950,A,M,G,B,B,A,H,-,A,D,0,Y,,,,Y,,A,01,0,0,1,0,1,0,0,0,0,"- ","- ",37.986640930175781,-122.58748626708984,MARIN,FAIRFAX,-122.58721923828125,37.986911773681641
9308351,2021,2021-09-09,2104,2021-07-28,1157,103,,3,5,3,2104,0,0,0,,0,002,"EAST SIR FRANCIS DRAKE BL","RT 101",0.00,,Y,A,-,Y,MRN,4,1,-,-,8.865,R,4,S,N,3,0,1,2,B,-,22,,,N,D,C,A,A,H,-,A,A,0,,,,,Y,,-,"- ",0,1,0,0,0,0,0,0,0,"- ",SF,37.945358276367188,-122.51319885253906,MARIN,LARKSPUR,-122.60346984863281,37.878143310546875
9352450,2021,2021-12-16,2106,2021-10-25,2105,483,,1,5,4,2106,0,0,0,,0,,"NOVATO BL","DIABLO AV",10.00,N,N,A,-,N,,,,,,,,,,N,4,0,1,2,A,-,03,22350,,N,C,C,A,A,H,-,C,A,0,,,,,Y,,A,01,0,0,1,0,0,0,0,0,0,"- ","- ",38.102558135986328,-122.57369232177734,MARIN,NOVATO,-122.57328033447266,38.103195190429688
9368217,2021,2021-12-15,2109,2021-11-17,1729,648,21,3,5,5,2109,0,0,0,,0,003,"FAIRFAX ST","CHARLOTTE WY",35.00,W,N,A,-,N,,,,,,,,,,N,2,0,1,3,A,-,09,21804,,N,H,C,A,A,H,-,B,D,0,,,Y,,Y,,A,01,1,0,0,0,0,0,0,0,1,"- ","- ",37.965599060058594,-122.50325775146484,MARIN,"SAN RAFAEL",-122.50334930419922,37.965644836425781
91571819,2021,2021-09-16,9350,2021-09-10,1905,021488,,5,2,9,2100,0,2,4,,1,046,"PT. REYES PETALUMA ROAD","NOVATO BOULEVARD",944.00,W,N,A,-,N,,,,,,,,,,Y,3,0,1,1,A,-,01,23152,A,N,F,A,A,A,H,-,B,D,0,,,,,Y,Y,A,07,0,1,0,0,0,0,0,0,0,"- ","- ",38.139080047607422,-122.70729064941406,MARIN,UNINCORPORATED,-122.70681762695312,38.140129089355469
91607562,2021,2021-10-27,9350,2021-10-18,0334,022614,,1,3,4,2106,0,1,2,,1,080,"US-101 S/B","SR-37 O/C",100.00,N,N,A,-,Y,,,101,,,,,,S,Y,3,0,1,2,A,-,03,22350,,F,C,C,A,B,H,-,C,D,0,,,,,Y,,-,99,0,1,0,0,0,0,0,0,0,"- ","- ",38.079898834228516,-122.54659271240234,MARIN,NOVATO,-122.54644775390625,38.080047607421875
9263303,2021,2021-05-11,2104,2021-03-21,1505,094,1C,7,5,3,2104,0,0,0,,0,002,"ESFD BL","LARKSPUR LANDING CR",471.00,E,N,A,-,N,,,,,,,,,,Y,3,0,2,2,A,-,08,22107,,N,B,E,A,A,H,-,A,D,0,,,,,Y,,A,01,0,2,0,0,0,0,0,0,0,"- ","- ",,,MARIN,LARKSPUR,,
9267886,2021,2021-06-01,2106,2021-04-20,0038,409,401,2,5,4,2106,0,0,0,,0,NP4,"SOUTH NOVATO BL","MIDWAY BL",697.00,N,N,A,-,N,,,,,,,,,,Y,4,0,1,1,A,-,01,23152,A,M,E,I,A,A,H,-,C,D,0,,,,,Y,Y,I,11,0,0,1,0,0,0,0,0,0,"- ","- ",38.080589294433594,-122.55951690673828,MARIN,NOVATO,-122.55944061279297,38.083213806152344
9288476,2021,2021-07-08,2108,2021-05-08,2350,101,3,6,5,3,2108,0,0,0,,0,003,"SAN ANSELMO AV","SAN ANSELMO AV 807",52.00,S,N,A,-,N,,,,,,,,,,N,3,0,1,1,A,-,08,22107,,N,E,I,A,A,H,-,C,D,0,,,Y,,Y,,C,02,0,1,0,0,0,0,0,0,1,"- ","- ",37.976821899414062,-122.56475067138672,MARIN,"SAN ANSELMO",,
9375164,2021,2021-12-16,2109,2021-11-23,1824,657,16,2,5,5,2109,0,0,0,,0,002,"2ND ST","LINCOLN AV",0.00,,Y,A,-,N,,,,,,,,,,N,3,0,1,2,A,-,09,21801,A,N,H,G,A,A,H,-,C,A,0,,Y,,,Y,,A,01,0,1,0,0,0,0,1,0,0,"- ","- ",37.970760345458984,-122.52427673339844,MARIN,"SAN RAFAEL",-122.52429962158203,37.970748901367188
91421661,2021,2021-03-05,9350,2021-03-01,0835,022388,,1,1,9,2100,0,3,5,,2,004,"CARSON RD","OAK GROVE AVE",111.00,N,N,A,-,N,,,,,,,,,,Y,4,0,1,1,A,-,08,22107,,N,F,I,A,A,H,-,A,D,0,,,,,Y,,A,01,0,0,1,0,0,0,0,0,0,"- ","- ",38.007911682128906,-122.63784027099609,MARIN,UNINCORPORATED,-122.63785552978516,38.007774353027344
91394657,2021,2021-01-26,9350,2021-01-21,1641,022577,,4,2,5,2109,0,1,2,,1,060,"US-101 NORTHBOUND","RT 580",2112.00,N,N,A,-,Y,,,101,,,,,,N,Y,4,0,1,2,A,-,03,22350,,N,C,C,A,A,H,-,A,D,0,,,,,Y,,A,01,0,0,1,0,0,0,0,0,0,"- ","- ",37.966419219970703,-122.51638031005859,MARIN,"SAN RAFAEL",-122.51641845703125,37.966350555419922
91443954,2021,2021-06-24,9350,2021-03-19,0536,022556,,5,3,5,2109,0,1,1,,1,015,"I-580 W/B","SIR FRANCIS DRAKE BLVD. O/C",7.00,E,N,B,-,Y,,,580,,,,,,W,Y,3,0,1,2,A,-,03,22350,,N,C,C,A,B,H,-,D,D,0,,,,,Y,,A,01,0,1,0,0,0,0,0,0,0,"- ","- ",37.946468353271484,-122.49105834960938,MARIN,"SAN RAFAEL",-122.49103546142578,37.946491241455078
91573716,2021,2021-09-20,9350,2021-09-12,1100,022643,,7,1,9,2100,0,2,4,,2,025,"NORTH SAN PEDRO RD.","PEACOCK GAP TRAIL",60.00,W,N,A,-,N,,,,,,,,,,N,2,0,1,2,A,-,09,21801,A,N,H,A,A,A,H,-,A,D,0,,Y,,,Y,,A,01,1,0,0,0,0,0,1,0,0,"- ","- ",38.003238677978516,-122.46717071533203,MARIN,UNINCORPORATED,,
9338473,2021,2021-10-19,2106,2021-09-03,1251,480,N429,5,5,4,2106,0,0,0,,0,NP4,"7TH ST","GRANT AV",86.00,N,N,A,-,N,,,,,,,,,,N,3,0,1,2,A,-,09,21804,A,N,D,C,A,A,H,-,A,D,0,,,,,Y,,A,01,0,1,0,0,0,0,0,0,0,"- ","- ",,,MARIN,NOVATO,-122.57821655273438,38.109397888183594
9375163,2021,2021-12-16,2109,2021-11-24,1932,657,17,3,5,5,2109,0,0,0,,0,002,"HETHERTON ST","4TH ST",0.00,,Y,A,-,N,,,,,,,,,,N,3,0,1,2,A,-,10,21950,A,N,G,B,B,A,H,-,C,A,0,Y,,,,Y,,A,01,0,1,0,0,1,0,0,0,0,"- ","- ",37.971408843994141,-122.52223205566406,MARIN,"SAN RAFAEL",-122.52194976806641,37.972385406494141
91625715,2021,2021-11-16,9350,2021-11-04,0200,022574,,4,3,5,2109,0,1,2,,2,070,"US-101 N/B","MANUEL T. FREITAS PKWY.",685.00,S,N,B,C,Y,,,101,,,,,,N,Y,3,0,1,1,A,-,01,23152,A,M,E,I,A,B,H,-,C,D,0,,,,,Y,Y,A,01,0,1,0,0,0,0,0,0,0,"- ","- ",38.005390167236328,-122.53993988037109,MARIN,"SAN RAFAEL",-122.54017639160156,38.005214691162109
9291615,2021,2021-08-09,2105,2021-06-04,1716,MV6236,90000,5,5,3,2105,0,0,0,,0,MV1,"FORREST ST","EAST BLITHEDALE AV",0.00,,Y,A,-,N,,,,,,,,,,N,3,0,1,2,A,-,05,21650,1,N,A,G,A,A,H,-,A,A,0,,Y,,,Y,,L,04,0,1,0,0,0,0,1,0,0,"- ","- ",,,MARIN,"MILL VALLEY",-122.54486083984375,37.905750274658203
9233696,2021,2021-04-12,2109,2021-02-21,2334,613,26,7,5,5,2109,0,0,0,,0,004,"MISSION AV","IRWIN ST",0.00,,Y,A,-,N,,,101,,,,,,,N,3,0,1,2,A,-,01,23153,,N,D,C,A,A,H,-,C,A,0,,,,,Y,Y,A,08,0,1,0,0,0,0,0,0,0,"- ","- ",37.973831176757812,-122.52028656005859,MARIN,"SAN RAFAEL",-122.52097320556641,37.974018096923828
9280549,2021,2021-07-13,2109,2021-06-09,0703,630,17,3,5,5,2109,0,0,0,,0,004,"3RD ST","IRWIN ST",0.00,,Y,A,-,N,,,,,,,,,,Y,4,0,1,3,A,-,12,21453,A,N,D,C,A,A,H,-,A,A,0,,,,,Y,,A,08,0,0,1,0,0,0,0,0,0,"- ","- ",37.971229553222656,-122.52095031738281,MARIN,"SAN RAFAEL",-122.52095794677734,37.97125244140625
9326668,2021,2021-11-05,2104,2021-09-03,2100,078,1C,5,5,3,2104,0,0,0,,0,002,"LARKSPUR LANDING CIR","LINCOLN VILLAGE CIR",12.00,E,N,A,-,N,,,,,,,,,,N,3,0,1,2,A,-,10,21950,A,F,G,B,C,A,H,-,C,A,0,Y,,,,Y,,A,01,0,1,0,0,1,0,0,0,0,"- ","- ",37.948459625244141,-122.50832366943359,MARIN,LARKSPUR,-122.50787353515625,37.9476318359375
9326868,2021,2021-10-29,2105,2021-09-30,1345,MV6236,90000,4,5,3,2105,0,0,0,,0,MV1,"HILL ST","BUENA VISTA AV",40.00,N,N,A,-,N,,,,,,,,,,N,3,0,1,2,A,-,21,22106,,N,C,B,E,A,C,-,A,A,0,Y,,Y,,Y,,C,02,0,1,0,0,1,0,0,0,0,"- ","- ",,,MARIN,"MILL VALLEY",-122.54408264160156,37.907039642333984
91574004,2021,2021-09-20,9350,2021-09-12,0835,022643,,7,1,9,2100,0,1,2,,1,080,"US-101 N/B","SAN ANTONIO RD",5808.00,S,N,A,-,Y,,,101,,,,,,N,N,3,0,1,1,A,-,08,22107,,N,E,I,A,A,H,-,A,D,0,,,,,Y,Y,A,01,0,1,0,0,0,0,0,0,0,"- ","- ",38.149391174316406,-122.56606292724609,MARIN,UNINCORPORATED,-122.56606292724609,38.149387359619141
91669675,2021,2022-01-04,9350,2021-12-23,1655,022395,,4,2,5,2109,0,1,2,,2,050,"US-101 N/B","BELLAM BOULEVARD U/C",298.00,S,N,B,-,Y,,,101,,,,,,N,Y,4,0,2,3,A,-,03,22350,,N,C,C,A,B,H,-,B,D,0,,,,,Y,,A,01,0,0,2,0,0,0,0,0,0,"- ","- ",37.956901550292969,-122.50859069824219,MARIN,"SAN RAFAEL",-122.50875854492188,37.956867218017578
9263301,2021,2021-05-11,2108,2021-03-13,1918,032,3,6,5,3,2108,0,0,0,,0,003,"SEQUOIA AV","RED HILL AV",0.00,,Y,A,-,N,,,,,,,,,,N,3,0,1,2,A,-,09,21453,C,N,D,C,A,A,H,-,C,A,0,,,,,Y,,A,01,0,1,0,0,0,0,0,0,0,"- ","- ",37.976638793945312,-122.55441284179688,MARIN,"SAN ANSELMO",-122.55438232421875,37.976634979248047
9288481,2021,2021-08-13,2103,2021-06-22,1304,173,DNTN,2,5,2,2103,0,0,0,,0,PAT,"AZALEA AV","SIR FRANCIS DRAKE BL",0.00,,Y,A,-,N,,,,,,,,,,N,3,0,1,2,A,-,08,22107,,N,H,G,A,A,H,-,A,A,0,,Y,,,Y,,A,01,0,1,0,0,0,0,1,0,0,"- ","- ",37.989128112792969,-122.59129333496094,MARIN,FAIRFAX,-122.59124755859375,37.989070892333984
9294135,2021,2021-08-04,2109,2021-07-14,1808,527,46,3,5,5,2109,0,0,0,,0,005,"MANUEL T FREITAS PKY","DEL PRESIDIO BL",0.00,,Y,A,-,Y,MRN,4,101,-,-,13.883,R,4,S,N,4,0,1,2,A,-,03,22350,,N,C,C,A,A,H,-,A,A,0,,,,,Y,,-,,0,0,1,0,0,0,0,0,0,"- ","- ",38.007289886474609,-122.54393768310547,MARIN,"SAN RAFAEL",-122.54214477539062,38.009532928466797
91600116,2021,2021-10-19,9350,2021-10-11,1535,022433,,1,2,9,2100,0,1,2,,2,050,SR-1,"SNAKE ROAD",1320.00,S,N,A,-,N,,,1,,,,,,,Y,4,0,1,1,A,-,03,22350,,N,E,I,A,A,H,-,A,D,0,,,Y,,Y,,C,02,0,0,1,0,0,0,0,0,1,"- ","- ",38.219970703125,-122.92266845703125,MARIN,UNINCORPORATED,-122.92268371582031,38.219978332519531
9255397,2021,2021-05-11,2108,2021-04-26,0735,026,3,1,5,3,2108,0,0,0,,0,003,"SIR FRANCIS DRAKE BL","KENT AV",310.00,E,N,A,-,N,,,,,,,,,,Y,3,0,2,3,A,-,09,21804,A,N,D,C,A,A,H,-,A,D,0,,,,,Y,,A,08,0,2,0,0,0,0,0,0,0,"- ","- ",37.986721038818359,-122.57878875732422,MARIN,"SAN ANSELMO",-122.58004760742188,37.986621856689453
9268250,2021,2021-05-27,2106,2021-04-21,2029,460,N324,3,5,4,2106,0,0,0,,0,NP3,"ALAMEDA DEL PRADO","POSADA DEL SOL",137.00,S,N,A,-,N,,,,,,,,,,N,2,0,2,3,A,-,01,23152,A,N,G,B,C,A,H,-,C,A,0,Y,,,,Y,Y,A,01,2,0,0,0,2,0,0,0,0,"- ","- ",38.06121826171875,-122.53353118896484,MARIN,NOVATO,-122.53328704833984,38.060737609863281
91389635,2021,2021-01-18,9360,2021-01-09,1600,019083,,6,2,9,2100,0,3,5,,2,007,"TOMALES PETALUMA RD","CHILENO VALLEY RD",0.00,,Y,B,-,N,,,,,,,,,,Y,3,0,2,2,D,-,00,,,N,B,C,A,A,H,-,A,D,0,,Y,Y,,Y,,-,"- ",0,2,0,0,0,0,0,0,2,"- ","- ",38.255638122558594,-122.81607055664062,MARIN,UNINCORPORATED,-122.81608581542969,38.255653381347656
91420762,2021,2021-03-04,9360,2021-02-27,1450,019083,,6,2,9,2100,0,3,5,,2,007,"DILLON BEACH ROAD","VALLEY FORD FRANKLIN SCHOOL RD",1056.00,W,N,A,-,N,,,,,,,,,,Y,3,0,2,1,A,-,08,22107,,N,E,I,A,A,H,-,A,D,0,,,,,Y,,A,07,0,2,0,0,0,0,0,0,0,"- ","- ",38.252189636230469,-122.94922637939453,MARIN,UNINCORPORATED,-122.94517517089844,38.250831604003906
91607587,2021,2021-10-27,9350,2021-10-20,1826,022623,,3,2,5,2109,0,1,2,,2,050,"US-101 N/B","I-580 O/C",1320.00,S,N,C,-,Y,,,101,,,,,,N,N,4,0,1,2,A,-,03,22350,,N,C,C,A,B,H,-,D,D,0,,,,,Y,,A,07,0,0,1,0,0,0,0,0,0,"- ","- ",37.958381652832031,-122.50904846191406,MARIN,"SAN RAFAEL",-122.50904846191406,37.958381652832031
9324017,2021,2022-03-16,2109,2021-07-12,2140,635,19,1,5,5,2109,0,0,0,,0,003,"CANAL ST","HARBOR ST",310.00,E,N,A,-,N,,,,,,,,,,N,4,0,2,2,A,-,03,22350,,F,C,C,A,A,H,-,C,D,0,,,,,Y,,D,22,0,0,2,0,0,0,0,0,0,"- ","- ",37.966499328613281,-122.51123809814453,MARIN,"SAN RAFAEL",-122.51109313964844,37.966758728027344
9355893,2021,2021-11-15,2106,2021-10-12,1745,421,N201,2,5,4,2106,0,0,0,,0,NP2,"ROWLAND BL","RT 101",0.00,,Y,A,-,Y,MRN,4,101,-,-,19.958,R,4,N,,4,0,2,2,A,-,12,21453,A,N,D,C,A,A,H,-,A,A,0,,,,,Y,,A,01,0,0,2,0,0,0,0,0,0,"- ",NF,38.093208312988281,-122.55744171142578,MARIN,NOVATO,-122.55635070800781,38.089736938476562