CASE_ID,ACCIDENT_YEAR,PROC_DATE,JURIS,COLLISION_DATE,COLLISION_TIME,OFFICER_ID,REPORTING_DISTRICT,DAY_OF_WEEK,CHP_SHIFT,POPULATION,CNTY_CITY_LOC,SPECIAL_COND,BEAT_TYPE,CHP_BEAT_TYPE,CITY_DIVISION_LAPD,CHP_BEAT_CLASS,BEAT_NUMBER,PRIMARY_RD,SECONDARY_RD,DISTANCE,DIRECTION,INTERSECTION,WEATHER_1,WEATHER_2,STATE_HWY_IND,CALTRANS_COUNTY,CALTRANS_DISTRICT,STATE_ROUTE,ROUTE_SUFFIX,POSTMILE_PREFIX,POSTMILE,LOCATION_TYPE,RAMP_INTERSECTION,SIDE_OF_HWY,TOW_AWAY,COLLISION_SEVERITY,NUMBER_KILLED,NUMBER_INJURED,PARTY_COUNT,PRIMARY_COLL_FACTOR,PCF_CODE_OF_VIOL,PCF_VIOL_CATEGORY,PCF_VIOLATION,PCF_VIOL_SUBSECTION,HIT_AND_RUN,TYPE_OF_COLLISION,MVIW,PED_ACTION,ROAD_SURFACE,ROAD_COND_1,ROAD_COND_2,LIGHTING,CONTROL_DEVICE,CHP_ROAD_TYPE,PEDESTRIAN_ACCIDENT,BICYCLE_ACCIDENT,MOTORCYCLE_ACCIDENT,TRUCK_ACCIDENT,NOT_PRIVATE_PROPERTY,ALCOHOL_INVOLVED,STWD_VEHTYPE_AT_FAULT,CHP_VEHTYPE_AT_FAULT,COUNT_SEVERE_INJ,COUNT_VISIBLE_INJ,COUNT_COMPLAINT_PAIN,COUNT_PED_KILLED,COUNT_PED_INJURED,COUNT_BICYCLIST_KILLED,COUNT_BICYCLIST_INJURED,COUNT_MC_KILLED,COUNT_MC_INJURED,PRIMARY_RAMP,SECONDARY_RAMP,LATITUDE,LONGITUDE,COUNTY,CITY,POINT_X,POINT_Y
91495126,2021,2021-06-11,9350,2021-05-28,1430,020979,,5,2,9,2100,0,1,2,,2,070,"US-101 S/B","NAVE DRIVE O/C",1443.00,S,N,A,-,Y,,,101,,,,,,S,Y,2,0,1,1,A,-,01,23152,G,N,E,I,A,A,H,-,A,D,0,,,,,Y,Y,A,01,1,0,0,0,0,0,0,0,0,"- ","- ",38.044509887695312,-122.53495788574219,MARIN,UNINCORPORATED,-122.53488922119141,38.044460296630859
9285372,2021,2021-07-01,2109,2021-06-10,0846,537,57,4,5,5,2109,0,0,0,,0,005,"GOLDEN HINDE BL","LOS RANCHITOS RD",0.00,,Y,A,-,N,,,,,,,,,,N,3,0,1,2,A,-,10,21950,,N,G,B,B,A,H,-,A,D,0,Y,,,,Y,,A,01,0,1,0,0,1,0,0,0,0,"- ","- ",37.998329162597656,-122.54160308837891,MARIN,"SAN RAFAEL",-122.54158782958984,37.998298645019531
91414350,2021,2021-02-24,9350,2021-02-22,0700,016034,,1,1,5,2109,0,1,2,,1,060,"US 101 N/B","N. SAN PEDRO ROAD U/C",736.00,N,N,A,-,Y,,,,,,,,,,Y,4,0,1,1,A,-,08,22107,,N,F,A,A,A,H,-,A,D,0,,,,,Y,,A,07,0,0,1,0,0,0,0,0,0,"- ","- ",37.996040344238281,-122.53191375732422,MARIN,"SAN RAFAEL",-122.5333251953125,37.995864868164062
91453950,2021,2021-04-20,9350,2021-04-13,1835,021520,,2,2,9,2100,0,2,4,,1,046,"POINT REYES PETALUMA RD","SAN ANTONIO RD",4224.00,W,N,A,-,N,,,,,,,,,,Y,4,0,2,1,A,-,08,22107,,N,E,I,A,A,H,-,A,D,0,,,,,Y,,A,01,0,0,2,0,0,0,0,0,0,"- ","- ",38.180290222167969,-122.66938781738281,MARIN,UNINCORPORATED,,
91589705,2021,2021-10-06,9350,2021-09-09,0840,015964,,4,1,2,2102,0,1,2,,2,050,"US-101 NORTHBOUND","SR-131 OVER CROSSING",3696.00,N,N,B,-,Y,,,101,,,,,,N,Y,1,1,0,4,A,-,17,23114,A,N,C,2,A,A,H,-,A,D,0,,,Y,,Y,,D,22,0,0,0,0,0,0,0,1,0,"- ","- ",37.912429809570312,-122.51242065429688,MARIN,"CORTE MADERA",-122.51246643066406,37.912445068359375
91613424,2021,2021-11-02,9350,2021-10-17,2238,022514,,7,3,9,2100,0,1,2,,2,040,"US-101 SOUTHBOUND","SR-1 UNDERCROSSING",216.00,N,N,A,-,Y,,,101,,,,,,S,Y,3,0,2,1,A,-,01,23152,A,N,E,I,A,A,H,-,C,D,0,,,,,Y,Y,A,01,0,2,0,0,0,0,0,0,0,"- ","- ",37.8809814453125,-122.51679992675781,MARIN,UNINCORPORATED,-122.51669311523438,37.880992889404297
9264110,2021,2021-06-16,2106,2021-05-05,1704,474,,3,5,4,2106,0,0,0,,0,,"DIABLO AV","CENTER RD",335.00,E,N,A,-,N,,,,,,,,,,,4,0,1,2,A,-,03,22350,,N,C,C,A,A,H,-,A,D,0,,,,,Y,,A,07,0,0,1,0,0,0,0,0,0,"- ","- ",,,MARIN,NOVATO,-122.57475280761719,38.101173400878906
9378811,2021,2021-12-29,2109,2021-12-04,2322,638,26,6,5,5,2109,0,0,0,,0,004,"2ND ST","IRWIN ST",0.00,,Y,A,-,Y,MRN,4,101,-,-,10.676,R,4,N,N,2,0,1,2,A,-,08,22107,,N,H,G,A,A,H,-,C,A,0,,Y,,,Y,,A,01,1,0,0,0,0,0,1,0,0,"- ","- ",37.970470428466797,-122.52115631103516,MARIN,"SAN RAFAEL",-122.52027893066406,37.968490600585938
9383593,2021,2022-03-17,2108,2021-12-09,0840,103,3,4,5,3,2108,0,0,0,,0,003,"SIR FRANCIS DRAKE BL","SAUNDERS AV",183.00,W,N,A,-,N,,,,,,,,,,N,3,0,1,2,A,-,03,22350,,N,C,C,A,-,H,-,A,D,0,,,,,Y,,A,01,0,1,0,0,0,0,0,0,0,"- ","- ",37.983299255371094,-122.57256317138672,MARIN,"SAN ANSELMO",-122.5709228515625,37.983528137207031
91510178,2021,2021-06-30,9350,2021-06-29,2050,021686,,2,2,9,2100,0,3,5,,2,004,"LAVERNE AVENUE","TODD WAY",150.00,W,N,A,-,N,,,,,,,,,,Y,4,0,1,2,A,-,03,22350,,N,C,E,A,A,H,-,D,D,0,,,,,Y,,A,01,0,0,1,0,0,0,0,0,0,"- ","- ",37.895801544189453,-122.54531097412109,MARIN,UNINCORPORATED,-122.54527282714844,37.895786285400391
9277011,2021,2021-06-08,2106,2021-04-12,2142,450,N406,1,5,4,2106,0,0,0,,0,NP4,"SOUTH NOVATO BL","MIDWAY BL",0.00,,Y,A,-,N,,,,,,,,,,Y,3,0,1,2,A,-,09,21802,A,N,D,C,A,A,H,-,A,A,0,,,,,Y,Y,A,01,0,1,0,0,0,0,0,0,0,"- ","- ",38.081428527832031,-122.55859375,MARIN,NOVATO,-122.55850982666016,38.081447601318359
91655379,2021,2021-12-17,9350,2021-12-10,1750,022395,,5,2,4,2106,0,1,2,,1,080,"US-101 N/B","RUSH LANDING RD",193.00,N,N,A,-,Y,,,101,,,,,,N,Y,4,0,1,2,A,-,03,22350,,N,C,C,A,A,H,-,C,D,0,,,,,Y,,D,22,0,0,1,0,0,0,0,0,0,"- ","- ",38.122978210449219,-122.56585693359375,MARIN,NOVATO,-122.5657958984375,38.122989654541016
91388404,2021,2021-01-15,9350,2021-01-05,1345,020979,,2,1,9,2100,0,3,5,,2,004,"SKY OAKS RD","BOLINAS RD",591.00,S,N,A,-,N,,,,,,,,,,Y,4,0,1,2,A,-,05,21650,,N,B,C,A,B,H,-,A,D,0,,,,,Y,,J,48,0,0,1,0,0,0,0,0,0,"- ","- ",37.971881866455078,-122.60462188720703,MARIN,UNINCORPORATED,-122.60456085205078,37.971817016601562
91472728,2021,2021-05-13,9350,2021-05-05,1720,021418,,3,2,5,2109,0,1,2,,1,060,"US-101 S/B","NORTH SAN PEDRO RD U/C",611.00,N,N,A,-,Y,,,101,,,,,,S,Y,2,0,1,2,A,-,07,21658,A,F,B,C,A,A,H,-,A,D,0,,,,,Y,,-,99,1,0,0,0,0,0,0,0,0,"- ","- ",37.995700836181641,-122.53350067138672,MARIN,"SAN RAFAEL",-122.53350067138672,37.995700836181641
91595467,2021,2021-10-13,9350,2021-10-06,0119,022577,,3,3,9,2100,0,2,4,,1,044,"SIR FRANCIS DRAKE BLVD","CHARLES LANE",15.00,W,N,A,-,N,,,,,,,,,,Y,3,0,1,2,A,-,01,23152,A,M,C,E,A,A,H,-,D,D,0,,,,,Y,Y,A,01,0,1,0,0,0,0,0,0,0,"- ","- ",38.011558532714844,-122.70243072509766,MARIN,UNINCORPORATED,-122.70233154296875,38.011619567871094
91623192,2021,2021-11-12,9350,2021-11-10,1325,022643,,3,1,9,2100,0,1,3,,1,012,SR-1,"LORING AVE",0.00,,Y,A,-,Y,,,1,,,,,,,N,3,0,1,1,A,-,03,22350,,N,E,8,A,B,H,-,A,D,0,,,,,Y,,A,01,0,1,0,0,0,0,0,0,0,"- ","- ",37.886138916015625,-122.53753662109375,MARIN,UNINCORPORATED,-122.53745269775391,37.886154174804688
9326666,2021,2021-10-22,2106,2021-09-18,1821,409,301,6,5,4,2106,0,0,0,,0,NP3,"NAVE DR","BOLLING DR",477.00,N,N,A,-,N,,,,,,,,,,Y,4,0,1,2,A,-,09,21804,A,N,D,C,A,A,H,-,A,D,0,,,,,Y,,A,01,0,0,1,0,0,0,0,0,0,"- ","- ",38.051189422607422,-122.53096771240234,MARIN,NOVATO,-122.53060150146484,38.052284240722656
9386006,2021,2021-12-29,2108,2021-09-21,1338,057,3,2,5,3,2108,0,0,0,,0,003,"SAN ANSELMO AV","MARIPOSA AV",0.00,,Y,A,-,N,,,,,,,,,,N,3,0,1,1,A,-,03,22350,,N,H,A,A,A,H,-,A,D,0,,Y,,,Y,,L,04,0,1,0,0,0,0,1,0,0,"- ","- ",37.971488952636719,-122.56156921386719,MARIN,"SAN ANSELMO",-122.56162261962891,37.971477508544922
91401448,2021,2021-02-03,9350,2021-01-24,1515,022556,,7,2,9,2100,0,1,2,,2,070,"US 101 S/B","MILLER CREEK RD. OVERCROSSING",725.00,N,N,C,-,Y,,,,,,,,,,Y,3,0,1,2,A,-,03,22350,,N,B,C,A,B,H,-,A,D,0,,,,,Y,,A,01,0,1,0,0,0,0,0,0,0,"- ","- ",38.035068511962891,-122.53697967529297,MARIN,UNINCORPORATED,-122.53734588623047,38.032695770263672
9229391,2021,2021-04-05,2110,2021-02-06,1215,SP5268,,6,5,2,2110,0,0,0,,0,SP2,BRIDGEWAY,"SPRING ST",0.00,,-,A,-,N,,,,,,,,,,Y,4,0,1,4,A,-,08,22107,,N,C,C,A,A,H,-,A,D,0,,,,,Y,,-,,0,0,1,0,0,0,0,0,0,"- ","- ",,,MARIN,SAUSALITO,-122.49473571777344,37.862071990966797
9288470,2021,2021-07-08,2102,2021-05-18,0813,111,2A,2,5,2,2102,0,0,0,,0,001,"MONTECITO DR","REDWOOD AV",0.00,,Y,A,-,N,,,,,,,,,,N,4,0,1,1,A,-,03,22350,,N,H,A,A,A,H,-,A,D,0,,Y,,,Y,,L,04,0,0,1,0,0,0,1,0,0,"- ","- ",37.926361083984375,-122.52969360351562,MARIN,"CORTE MADERA",-122.52970123291016,37.926376342773438
9351872,2021,2021-11-19,2110,2021-10-10,0920,SP5235,10000,7,5,2,2110,0,0,0,,0,SP2,BRIDGEWAY,"NEVADA ST",85.00,S,N,A,-,N,,,,,,,,,,N,3,0,1,2,C,-,18,,,N,B,G,A,A,A,-,A,D,0,,Y,,,Y,,-,"- ",0,1,0,0,0,0,1,0,0,"- ","- ",,,MARIN,SAUSALITO,-122.4990234375,37.86505126953125
9366690,2021,2022-01-14,2109,2021-12-12,1542,,,7,5,5,2109,0,0,0,,0,,"5TH AV","IRWIN ST",0.00,,Y,C,-,N,,,,,,,,,,N,4,0,1,2,A,-,10,21950,A,N,G,B,B,B,H,-,A,A,0,Y,,,,Y,,A,01,0,0,1,0,1,0,0,0,0,"- ","- ",37.972988128662109,-122.52047729492188,MARIN,"SAN RAFAEL",-122.52046203613281,37.972999572753906
91580003,2021,2021-09-27,9350,2021-09-16,1140,013918,,4,1,5,2109,0,1,2,,2,050,"U.S.101 S/B","SIR FRANCIS DRAKE BLVD.",3062.00,N,N,A,-,Y,,,,,,,,,,Y,4,0,1,1,A,-,08,22107,,N,E,I,A,A,H,-,A,D,0,,,,,Y,,A,07,0,0,1,0,0,0,0,0,0,"- ","- ",37.951381683349609,-122.51035308837891,MARIN,"SAN RAFAEL",-122.51010894775391,37.951679229736328
91584278,2021,2021-09-30,9350,2021-09-27,1735,022634,,1,2,9,2100,0,2,4,,1,044,"SIR FRANCIS DRAKE BLVD","LOWER PETERS DAM RD.",289.00,W,N,B,C,N,,,,,,,,,,N,3,0,1,1,A,-,08,22107,,N,E,I,A,B,H,-,A,D,0,,,,,Y,,A,01,0,1,0,0,0,0,0,0,0,"- ","- ",38.0047607421875,-122.70957946777344,MARIN,UNINCORPORATED,,
91610679,2021,2021-10-29,9350,2021-10-27,2134,021686,,3,2,5,2109,0,1,2,,1,060,"US-101 NORTHBOUND","SECOND STREET",2500.00,S,N,A,-,Y,,,101,,,,,,N,Y,4,0,2,1,A,-,03,22350,,N,F,A,A,A,D,E,D,A,0,,,Y,,Y,,C,02,0,0,2,0,0,0,0,0,2,"- ","- ",37.965789794921875,-122.51564788818359,MARIN,"SAN RAFAEL",-122.51559448242188,37.96588134765625
9263302,2021,2021-05-11,2108,2021-03-21,1703,078,3,7,5,3,2108,0,0,0,,0,003,"SIR FRANCIS DRAKE BL","MADRONE AV",16.00,W,N,A,-,N,,,,,,,,,,N,3,0,1,2,A,-,10,21950,A,N,G,B,B,A,H,-,A,A,0,Y,,,,Y,,A,01,0,1,0,0,1,0,0,0,0,"- ","- ",37.978759765625,-122.56417083740234,MARIN,"SAN ANSELMO",-122.56419372558594,37.978839874267578
91467186,2021,2021-05-06,9350,2021-04-27,1543,021266,,2,2,3,2104,0,1,2,,2,050,"US-101 N/B","WORNUM DR. UNDERCROSSING",100.00,N,N,A,-,Y,,,101,,,,,,N,Y,4,0,1,4,A,-,03,22350,,N,C,C,A,A,H,-,A,D,0,,,,,Y,,A,01,0,0,1,0,0,0,0,0,0,"- ","- ",37.935871124267578,-122.51660919189453,MARIN,LARKSPUR,-122.51667785644531,37.935859680175781
91531584,2021,2021-07-29,9350,2021-07-21,1927,021418,,3,2,4,2106,0,1,2,,2,070,"US-101 N/B TO NAVE DRIVE.","ROBLAR DRIVE",162.00,N,N,A,-,Y,,,101,,,,R,,N,N,4,0,1,2,A,-,03,22350,,N,C,C,A,A,H,-,A,D,0,,,,,Y,,D,22,0,0,1,0,0,0,0,0,0,"- ","- ",38.064811706542969,-122.53524017333984,MARIN,NOVATO,-122.53524017333984,38.064811706542969
91578302,2021,2021-09-23,9350,2021-09-13,1550,022395,,1,2,9,2100,0,1,3,,1,012,"SR-1 S/B","FLAMINGO AVENUE",0.00,,Y,A,-,Y,,,1,,,,,,S,N,3,0,1,2,A,-,06,21755,A,N,D,G,A,A,H,-,A,A,0,,Y,,,Y,,L,04,0,1,0,0,0,0,1,0,0,"- ","- ",37.880989074707031,-122.52660369873047,MARIN,UNINCORPORATED,-122.52664947509766,37.881034851074219
9350882,2021,2021-12-01,2109,2021-10-19,1800,657,17,2,5,5,2109,0,0,0,,0,002,"LINCOLN AV","3RD ST",175.00,N,N,A,-,N,,,,,,,,,,Y,3,0,1,2,A,-,01,23152,A,M,G,B,F,A,H,-,B,D,0,Y,,,,Y,Y,A,01,0,1,0,0,1,0,0,0,0,"- ","- ",37.972129821777344,-122.523681640625,MARIN,"SAN RAFAEL",-122.52395629882812,37.972129821777344
91481182,2021,2021-05-27,9350,2021-05-20,1600,022066,,4,2,9,2100,0,2,4,,2,026,"NOVATO BLVD","INDIAN VALLEY",3168.00,N,N,A,-,N,,,,,,,,,,N,3,0,2,1,A,-,03,22350,,N,E,I,A,A,H,-,A,D,0,,,,,Y,,A,01,0,2,0,0,0,0,0,0,0,"- ","- ",38.118339538574219,-122.64652252197266,MARIN,UNINCORPORATED,,
91570777,2021,2021-09-15,9350,2021-09-09,1840,022606,,4,2,2,2102,0,1,2,,2,050,"US-101 N/B","TAMALPAIS DR",1550.00,N,N,A,-,Y,,,101,,,,,,N,N,4,0,1,2,A,-,03,22350,,N,C,C,A,A,H,-,A,D,0,,,,,Y,,A,01,0,0,1,0,0,0,0,0,0,"- ","- ",37.930198669433594,-122.51567077636719,MARIN,"CORTE MADERA",-122.51564788818359,37.930206298828125
91646930,2021,2021-12-08,9350,2021-11-30,1725,017978,,2,2,9,2100,0,2,4,,1,046,"POINT REYES PETALUMA RD","NICASIO VALLEY RD",752.00,S,N,A,-,N,,,,,,,,,,N,3,0,1,2,A,-,08,22107,,N,B,G,A,A,H,-,B,D,0,,Y,,,Y,,A,01,0,1,0,0,0,0,1,0,0,"- ","- ",38.095470428466797,-122.73487091064453,MARIN,UNINCORPORATED,-122.73490905761719,38.095527648925781
9351587,2021,2021-12-03,2109,2021-10-14,2006,659,16,4,5,5,2109,0,0,0,,0,002,"LINCOLN AV","3RD ST",0.00,,Y,A,-,N,,,,,,,,,,Y,4,0,1,2,A,-,12,21453,A,N,D,C,A,A,H,-,C,A,0,,,,,Y,,A,01,0,0,1,0,0,0,0,0,0,"- ","- ",37.971519470214844,-122.52432250976562,MARIN,"SAN RAFAEL",-122.52407836914062,37.971656799316406
91628275,2021,2021-11-18,9350,2021-11-17,1020,022606,,3,1,9,2100,0,1,2,,1,080,"US-101 N/B","SAN ANTONIO RD O/C",3475.00,S,N,A,-,Y,,,101,,,,,,N,Y,3,0,1,2,A,-,03,22350,,N,C,C,A,A,H,-,A,D,0,,,,,Y,,A,08,0,1,0,0,0,0,0,0,0,"- ","- ",38.155498504638672,-122.56819152832031,MARIN,UNINCORPORATED,-122.56816101074219,38.155509948730469
9277342,2021,2021-06-09,2109,2021-05-16,0215,606,22,7,5,5,2109,0,0,0,,0,003,"SPINNAKER POINT","CATALINA BL",87.00,N,N,A,-,N,,,,,,,,,,Y,4,0,1,1,A,-,01,23152,F,N,E,I,A,A,H,-,D,D,0,,,,,Y,,A,01,0,0,1,0,0,0,0,0,0,"- ","- ",37.965839385986328,-122.49540710449219,MARIN,"SAN RAFAEL",-122.49550628662109,37.966083526611328
9370530,2021,2021-12-27,2109,2021-11-26,2056,659,16,5,5,5,2109,0,0,0,,0,002,"2ND ST","BROOKS ST",0.00,,Y,A,-,N,,,,,,,,,,N,2,0,1,2,A,-,08,22107,,N,B,C,A,A,H,-,C,D,0,,,,,Y,,A,01,1,0,0,0,0,0,0,0,0,"- ","- ",37.971168518066406,-122.52852630615234,MARIN,"SAN RAFAEL",-122.52772521972656,37.971080780029297
9387093,2021,2022-01-07,2104,2021-08-19,1628,104,1,4,5,3,2104,0,0,0,,0,002,"ALEXANDER AV","ACACIA AV",55.00,N,N,A,-,N,,,,,,,,,,N,3,0,2,1,A,-,03,22350,,N,E,I,A,A,H,-,A,D,0,,,,,Y,,A,01,0,2,0,0,0,0,0,0,0,"- ","- ",37.929981231689453,-122.5316162109375,MARIN,LARKSPUR,-122.53170776367188,37.929981231689453
91475417,2021,2021-05-27,9350,2021-05-12,1150,022433,,3,1,2,2110,0,1,2,,1,030,"US101 NORTHBOUND TO RODEO AVENUE","WOLFBACK RIDGE RD",4752.00,N,N,A,-,Y,,,101,,,,R,,N,Y,3,0,1,1,A,-,03,22350,,N,E,I,A,A,H,-,A,D,0,,,,,Y,,A,01,0,1,0,0,0,0,0,0,0,"- ","- ",37.860008239746094,-122.50096130371094,MARIN,SAUSALITO,-122.50096130371094,37.860008239746094
9351734,2021,2021-12-01,2109,2021-10-20,0729,646,26,3,5,5,2109,0,0,0,,0,002,"3RD ST","IRWIN ST",0.00,,Y,C,-,N,,,,,,,,,,N,2,0,2,2,A,-,12,21453,A,N,D,C,A,B,H,-,A,A,0,,,,,Y,,A,01,2,0,0,0,0,0,0,0,0,"- ","- ",37.971229553222656,-122.52095031738281,MARIN,"SAN RAFAEL",-122.52095794677734,37.97125244140625
91512317,2021,2021-07-02,9350,2021-06-27,1110,022388,,7,1,2,2102,0,1,2,,2,050,"US 101 N/B","WORNUM DR.",710.00,S,N,A,-,Y,,,,,,,,,,Y,3,0,1,1,A,-,08,22107,,N,E,I,A,A,H,-,A,D,0,,,,,Y,,A,01,0,1,0,0,0,0,0,0,0,"- ","- ",37.933460235595703,-122.516357421875,MARIN,"CORTE MADERA",-122.51626586914062,37.933601379394531
91549441,2021,2021-08-19,9350,2021-08-16,1146,022411,,1,1,9,2100,0,1,3,,2,022,US-101,"CONZELMAN ROAD",1214.00,N,N,A,-,Y,,,101,,,,,,,Y,4,0,1,2,C,-,18,,,N,E,J,A,A,H,-,A,D,0,,,,,Y,,-,"- ",0,0,1,0,0,0,0,0,0,"- ","- ",37.833221435546875,-122.48227691650391,MARIN,UNINCORPORATED,-122.48226928710938,37.833236694335938
9367154,2021,2021-12-06,2106,2021-10-22,1942,386,,5,5,4,2106,0,0,0,,0,,"ROWLAND BL","RT 101",0.00,,Y,A,-,Y,MRN,4,101,-,-,19.974,R,4,S,N,3,0,1,2,A,-,11,21950,B,N,G,B,B,A,H,-,C,A,0,Y,,,,Y,,N,60,0,1,0,0,1,0,0,0,0,"- ",SO,38.091201782226562,-122.560546875,MARIN,NOVATO,-122.55674743652344,38.089744567871094
9380729,2021,2022-02-01,2103,2021-12-15,1635,171,"WEST ",3,5,2,2103,0,0,0,,0,PAT,"SIR FRANCIS DRAKE BL","JUNE CT",488.00,E,N,B,C,N,,,,,,,,,,N,4,0,1,2,A,-,04,21703,,N,C,C,A,B,H,-,A,D,0,,,,,Y,,A,01,0,0,1,0,0,0,0,0,0,"- ","- ",37.998340606689453,-122.59986114501953,MARIN,FAIRFAX,-122.59909057617188,37.997123718261719
91425544,2021,2021-03-11,9350,2021-03-08,2103,022574,,1,2,9,2100,0,1,2,,2,070,"US-101 N/B","NAVE DR.",2630.00,S,N,B,-,Y,,,101,,,,,,N,Y,3,0,1,2,A,-,03,22350,,N,B,C,A,B,H,-,D,D,0,,,,,Y,,A,01,0,1,0,0,0,0,0,0,0,"- ","- ",38.041698455810547,-122.53653717041016,MARIN,UNINCORPORATED,-122.53643035888672,38.0416259765625
91419085,2021,2021-03-02,9350,2021-02-25,1806,022411,,4,2,5,2109,0,1,2,,1,060,"US-101 S/B","N. SAN PEDRO RD",1426.00,S,N,A,-,Y,,,101,,,,,,S,N,4,0,1,1,A,-,08,22107,,N,E,I,A,A,H,-,B,D,0,,,,,Y,,A,01,0,0,1,0,0,0,0,0,0,"- ","- ",37.990848541259766,-122.52969360351562,MARIN,"SAN RAFAEL",-122.52968597412109,37.990852355957031
91444999,2021,2021-04-07,9350,2021-03-31,1645,021520,,3,2,2,2102,0,1,2,,2,050,"US-101 NORTHBOUND","TAMALPAIS DR",1320.00,N,N,A,-,Y,,,101,,,,,,N,Y,4,0,2,3,A,-,03,22350,,N,C,C,A,A,H,-,A,D,0,,,,,Y,,H,66,0,0,2,0,0,0,0,0,0,"- ","- ",37.929679870605469,-122.51551818847656,MARIN,"CORTE MADERA",-122.51554870605469,37.929676055908203
91483399,2021,2021-05-27,9350,2021-05-26,1333,021391,,3,1,9,2100,0,1,2,,2,020,"US-101 NB TO VISTA POINT","ALEXANDER AVE.",1300.00,S,N,A,-,Y,,,101,,,,R,,N,N,4,0,1,1,A,-,03,22350,,N,E,I,A,A,H,-,A,D,0,,,,,Y,,A,08,0,0,1,0,0,0,0,0,0,"- ","- ",37.833099365234375,-122.48149108886719,MARIN,UNINCORPORATED,-122.48149108886719,37.833099365234375
91491703,2021,2021-06-08,9350,2021-06-03,1520,021739,,4,2,4,2106,0,1,2,,2,070,"US-101 N/B TO IGNACIO BLVD.","IGNACIO BLVD. O/C",920.00,S,N,A,-,Y,,,101,,,,R,,N,Y,3,0,1,1,A,-,01,23152,A,N,E,I,A,A,H,-,A,D,0,,,,,Y,Y,A,01,0,1,0,0,0,0,0,0,0,"- ","- ",38.064308166503906,-122.53514862060547,MARIN,NOVATO,-122.53514862060547,38.064308166503906
91384063,2021,2021-01-08,9350,2021-01-07,1437,019000,,4,2,9,2100,0,1,3,,2,013,"SR-131 E/B","US-101 N/B TO SR-131",0.00,,Y,A,-,Y,,,131,,,,,,E,N,4,0,1,2,A,-,12,21453,A,N,A,C,A,A,H,-,A,A,0,,,,,Y,,A,01,0,0,1,0,0,0,0,0,0,"- ","- ",37.902629852294922,-122.51422119140625,MARIN,UNINCORPORATED,-122.51422119140625,37.902664184570312
91385755,2021,2021-01-12,9350,2021-01-04,0455,022107,,1,3,5,2109,0,1,2,,2,070,"US-101 N/B","MANUEL T FREITAS PKY O/C",3168.00,N,N,A,C,Y,,,101,,,,,,N,Y,3,0,3,4,A,-,03,22350,,N,D,C,A,B,H,-,C,D,0,,,,,Y,,A,01,0,1,2,0,0,0,0,0,0,"- ","- ",38.015869140625,-122.54122924804688,MARIN,"SAN RAFAEL",-122.54113006591797,38.015830993652344
91389077,2021,2021-01-18,9350,2021-01-13,1826,022310,,3,2,9,2100,0,3,5,,2,004,"WOODLAND RD","KENT AVE",9.00,W,N,A,-,N,,,,,,,,,,N,4,0,1,2,A,-,10,21950,A,N,G,B,B,A,H,-,C,D,0,Y,,,,Y,,A,01,0,0,1,0,1,0,0,0,0,"- ","- ",37.950790405273438,-122.54998016357422,MARIN,UNINCORPORATED,-122.54988098144531,37.950759887695312
91391426,2021,2021-01-20,9350,2021-01-18,1230,015964,,1,1,9,2100,0,1,3,,1,052,"SR-1 (SHORELINE HWY.)","MARSHALL-PETALUMA RD.",4752.00,S,N,A,-,Y,,,1,,,,,,,N,2,0,1,1,A,-,03,22350,,N,F,A,A,A,H,-,A,D,0,,,Y,,Y,,C,02,1,0,0,0,0,0,0,0,1,"- ","- ",38.151348114013672,-122.88770294189453,MARIN,UNINCORPORATED,-122.88772583007812,38.151332855224609
91395759,2021,2021-01-28,9350,2021-01-27,0230,021615,,3,3,5,2109,0,1,2,,2,070,"US-101 S/B","MANUEL T FREITAS PKY O/C",1276.00,N,N,B,C,Y,,,101,,,,,,S,Y,2,0,1,1,A,-,01,23152,A,N,E,I,A,B,H,-,C,D,0,,,,,Y,Y,A,01,1,0,0,0,0,0,0,0,0,"- ","- ",38.010719299316406,-122.54203033447266,MARIN,"SAN RAFAEL",-122.54215240478516,38.010719299316406