CASE_ID,ACCIDENT_YEAR,PROC_DATE,JURIS,COLLISION_DATE,COLLISION_TIME,OFFICER_ID,REPORTING_DISTRICT,DAY_OF_WEEK,CHP_SHIFT,POPULATION,CNTY_CITY_LOC,SPECIAL_COND,BEAT_TYPE,CHP_BEAT_TYPE,CITY_DIVISION_LAPD,CHP_BEAT_CLASS,BEAT_NUMBER,PRIMARY_RD,SECONDARY_RD,DISTANCE,DIRECTION,INTERSECTION,WEATHER_1,WEATHER_2,STATE_HWY_IND,CALTRANS_COUNTY,CALTRANS_DISTRICT,STATE_ROUTE,ROUTE_SUFFIX,POSTMILE_PREFIX,POSTMILE,LOCATION_TYPE,RAMP_INTERSECTION,SIDE_OF_HWY,TOW_AWAY,COLLISION_SEVERITY,NUMBER_KILLED,NUMBER_INJURED,PARTY_COUNT,PRIMARY_COLL_FACTOR,PCF_CODE_OF_VIOL,PCF_VIOL_CATEGORY,PCF_VIOLATION,PCF_VIOL_SUBSECTION,HIT_AND_RUN,TYPE_OF_COLLISION,MVIW,PED_ACTION,ROAD_SURFACE,ROAD_COND_1,ROAD_COND_2,LIGHTING,CONTROL_DEVICE,CHP_ROAD_TYPE,PEDESTRIAN_ACCIDENT,BICYCLE_ACCIDENT,MOTORCYCLE_ACCIDENT,TRUCK_ACCIDENT,NOT_PRIVATE_PROPERTY,ALCOHOL_INVOLVED,STWD_VEHTYPE_AT_FAULT,CHP_VEHTYPE_AT_FAULT,COUNT_SEVERE_INJ,COUNT_VISIBLE_INJ,COUNT_COMPLAINT_PAIN,COUNT_PED_KILLED,COUNT_PED_INJURED,COUNT_BICYCLIST_KILLED,COUNT_BICYCLIST_INJURED,COUNT_MC_KILLED,COUNT_MC_INJURED,PRIMARY_RAMP,SECONDARY_RAMP,LATITUDE,LONGITUDE,COUNTY,CITY,POINT_X,POINT_Y
91455894,2021,2021-04-22,9350,2021-04-21,0400,021739,,3,3,5,2109,0,1,2,,1,060,"US-101 NB","2ND ST UC",50.00,S,N,A,-,Y,,,101,,,,,,N,Y,4,0,1,1,A,-,08,22107,,N,E,I,A,A,H,-,D,D,0,,,,,Y,,A,01,0,0,1,0,0,0,0,0,0,"- ","- ",37.970428466796875,-122.52169036865234,MARIN,"SAN RAFAEL",-122.52172088623047,37.970424652099609
91459177,2021,2021-04-27,9350,2021-03-31,1947,022300,,3,2,9,2100,0,2,4,,2,026,"NOVATO BLVD.","STAFFORD LAKE PARK ENTRANCE",330.00,W,N,A,-,N,,,,,,,,,,Y,4,0,1,1,A,-,03,22350,,N,E,I,A,A,H,-,B,D,0,,,,,Y,,A,07,0,0,1,0,0,0,0,0,0,"- ","- ",38.115879058837891,-122.65109252929688,MARIN,UNINCORPORATED,,
91459581,2021,2021-04-27,9350,2021-04-25,1035,021075,,7,1,9,2100,0,3,5,,2,002,"PARK AVE","TERRACE AVENUE",210.00,N,N,B,C,N,,,,,,,,,,Y,4,0,1,1,A,-,03,22350,,N,F,A,A,B,H,-,A,D,0,,Y,,,Y,,L,04,0,0,1,0,0,0,1,0,0,"- ","- ",37.906898498535156,-122.68744659423828,MARIN,UNINCORPORATED,-122.68740844726562,37.906917572021484
91459696,2021,2021-04-27,9350,2021-04-24,1125,022445,,6,1,9,2100,0,2,4,,1,014,"PANORAMIC HWY",SR-1,8184.00,E,N,A,-,N,,,,,,,,,,N,2,0,1,1,A,-,03,22350,,N,E,I,A,A,H,-,A,D,0,,Y,,,Y,,L,04,1,0,0,0,0,0,1,0,0,"- ","- ",37.893951416015625,-122.62413787841797,MARIN,UNINCORPORATED,-122.62394714355469,37.893695831298828
91460121,2021,2021-04-28,9350,2021-04-15,1515,022415,,4,2,9,2100,0,3,5,,2,004,"FAIRFAX BOLINAS RD",SR-1,5280.00,E,N,A,-,Y,,,,,,,,,,N,2,0,1,1,A,-,08,22107,,N,F,A,A,A,H,-,A,D,0,,Y,,,Y,,L,04,1,0,0,0,0,0,1,0,0,"- ","- ",37.936908721923828,-122.68798828125,MARIN,UNINCORPORATED,-122.68772125244141,37.936985015869141
91460407,2021,2021-04-28,9350,2021-04-14,1233,022108,,3,1,9,2100,0,3,5,,2,002,"DONAHUE ST","DRAKE AVE",189.00,E,N,A,-,N,,,,,,,,,,N,3,0,1,2,A,-,21,22106,,N,C,C,A,A,H,-,A,A,0,,,,,Y,,A,01,0,1,0,0,0,0,0,0,0,"- ","- ",37.871578216552734,-122.50865173339844,MARIN,UNINCORPORATED,-122.51166534423828,37.873920440673828
91461709,2021,2021-04-29,9350,2021-04-29,0728,016533,,4,1,5,2109,0,1,2,,2,070,"US-101 S/B","LUCAS VALLEY ROAD U/C",1450.00,S,N,A,-,Y,,,101,,,,,,S,Y,4,0,2,3,A,-,03,22350,,N,C,C,A,A,H,-,A,D,0,,,,,Y,,A,07,0,0,2,0,0,0,0,0,0,"- ","- ",38.016441345214844,-122.54112243652344,MARIN,"SAN RAFAEL",-122.54117584228516,38.016460418701172
91463063,2021,2021-04-30,9350,2021-04-28,1505,021418,,3,2,9,2100,0,1,2,,1,080,"US-101 N/B","SAN ANTONIO RD O/C",648.00,N,N,A,-,Y,,,101,,,,,,N,Y,3,0,1,3,A,-,03,22350,,N,C,C,A,A,H,-,A,D,0,,,,,Y,,D,22,0,1,0,0,0,0,0,0,0,"- ","- ",38.164421081542969,-122.57685852050781,MARIN,UNINCORPORATED,-122.57685089111328,38.1644287109375
91465610,2021,2021-05-04,9350,2021-05-01,1010,022445,,6,1,9,2100,0,1,2,,1,080,"US-101 S/B","SAN ANTONIO RD",1000.00,N,N,A,-,Y,,,101,,,,,,S,N,4,0,1,2,A,-,03,22350,,N,B,C,A,A,H,-,A,D,0,,,,,Y,,D,23,0,0,1,0,0,0,0,0,0,"- ","- ",38.165088653564453,-122.57805633544922,MARIN,UNINCORPORATED,-122.5780029296875,38.165157318115234
91466432,2021,2021-05-05,9350,2021-04-28,1318,021266,,3,1,9,2100,0,1,2,,2,050,"US-101 N/B",SR-131,1000.00,N,N,A,-,Y,,,101,,,,,,N,Y,4,0,1,3,A,-,03,22350,,N,C,C,A,A,H,-,A,D,0,,,,,Y,,A,01,0,0,1,0,0,0,0,0,0,"- ","- ",37.905418395996094,-122.51528930664062,MARIN,UNINCORPORATED,-122.51529693603516,37.905422210693359
91467026,2021,2021-05-06,9350,2021-05-02,1240,022441,,7,1,9,2100,0,1,3,,1,052,SR-1,"CLARK RD",7920.00,N,N,A,-,Y,,,1,,,,,,,N,3,0,1,1,A,-,08,22107,,N,F,A,A,A,H,-,A,D,0,,,Y,,Y,,C,02,0,1,0,0,0,0,0,0,1,"- ","- ",38.205341339111328,-122.92227935791016,MARIN,UNINCORPORATED,-122.92227172851562,38.205356597900391
91468114,2021,2021-05-07,9350,2021-05-05,1335,019000,,3,1,9,2100,0,2,4,,1,043,"REDWOOD HWY FRNTG RD","REED BLVD",425.00,N,N,A,-,N,,,,,,,,,,Y,4,0,1,2,A,-,09,21804,A,N,A,C,A,A,H,-,A,D,0,,,,,Y,,A,01,0,0,1,0,0,0,0,0,0,"- ","- ",37.902099609375,-122.51399230957031,MARIN,UNINCORPORATED,-122.51399230957031,37.902107238769531
91470498,2021,2021-05-27,9350,2021-05-11,0748,016533,,2,1,9,2100,0,1,2,,2,070,"US-101 S/B","MILLER CREEK RD OVER CROSSING",3150.00,N,N,A,-,Y,,,101,,,,,,S,N,4,0,1,2,A,-,04,21703,,N,C,C,A,A,H,-,A,D,0,,,,,Y,,A,01,0,0,1,0,0,0,0,0,0,"- ","- ",38.042148590087891,-122.53643035888672,MARIN,UNINCORPORATED,-122.53646850585938,38.042179107666016
91471912,2021,2021-05-12,9350,2021-05-05,1615,019000,,3,2,9,2100,0,3,5,,2,006,"BUTTERFIELD ROAD","IRVING DR.",100.00,N,N,A,-,N,,,,,,,,,,Y,2,0,1,2,A,-,03,22350,,N,C,C,A,A,H,-,A,D,0,,,,,Y,,A,07,1,0,0,0,0,0,0,0,0,"- ","- ",38.010749816894531,-122.58476257324219,MARIN,UNINCORPORATED,-122.58480072021484,38.010822296142578
91475752,2021,2021-05-27,9350,2021-05-07,1815,020979,,5,2,9,2100,0,1,2,,2,050,"US-101 N/B","TAMALPAIS DR",787.00,N,N,A,-,Y,,,,,,,,,,Y,3,0,2,2,A,-,03,22350,,N,C,C,A,A,H,-,A,D,0,,,,,Y,,A,07,0,2,0,0,0,0,0,0,0,"- ","- ",37.928291320800781,-122.51519775390625,MARIN,UNINCORPORATED,-122.51524353027344,37.928077697753906
91475911,2021,2021-06-03,9350,2021-05-12,1643,021488,,3,2,2,2102,0,1,2,,2,050,"US-101 NORTHBOUND","TAMALPAIS DRIVE OVERCROSSING",3960.00,S,N,A,-,Y,,,101,,,,,,N,Y,3,0,2,3,A,-,03,22350,,N,C,C,A,A,H,-,A,D,0,,,,,Y,,A,01,0,2,0,0,0,0,0,0,0,"- ","- ",37.914669036865234,-122.51177215576172,MARIN,"CORTE MADERA",-122.51173400878906,37.914657592773438
91475917,2021,2021-06-03,9350,2021-05-13,1540,020979,,4,2,9,2100,0,1,1,,1,015,"I-580 E/B","BELLAM BOULEVARD",3044.00,E,N,A,-,Y,,,,,,,,,,Y,3,0,1,2,A,-,03,22350,,N,C,C,A,A,H,-,A,D,0,,,,,Y,,D,22,0,1,0,0,0,0,0,0,0,"- ","- ",37.953521728515625,-122.49867248535156,MARIN,UNINCORPORATED,-122.49880218505859,37.953617095947266
91476326,2021,2021-07-08,9350,2021-05-11,2200,021699,,2,3,9,2100,0,3,5,,2,002,"SIR FRANCIS DRAKE BLVD","REDWOOD AVENUE",368.00,E,N,A,-,N,,,,,,,,,,Y,4,0,1,1,A,-,08,22107,,N,F,A,A,A,H,-,D,D,0,,,,,Y,,A,07,0,0,1,0,0,0,0,0,0,"- ","- ",38.085460662841797,-122.83836364746094,MARIN,UNINCORPORATED,-122.83832550048828,38.085479736328125
91476810,2021,2021-05-27,9350,2021-05-10,1156,022108,,1,1,4,2106,0,1,2,,1,080,"US-101 SOUTHBOUND","SR-37 EB",38.00,N,N,A,-,Y,,,101,,,,,,S,Y,2,0,1,1,A,-,01,23152,F,N,E,I,A,A,H,-,A,D,0,,,,,Y,,A,07,1,0,0,0,0,0,0,0,0,"- ","- ",38.077610015869141,-122.54418182373047,MARIN,NOVATO,-122.54404449462891,38.077754974365234
91477693,2021,2021-05-27,9350,2021-05-17,1505,021488,,1,2,2,2102,0,1,2,,2,050,"US-101 SOUTHBOUND","MADERA BOULEVARD",1000.00,N,N,A,-,Y,,,101,,,,,,S,Y,3,0,1,2,A,-,08,22107,,N,B,C,A,A,H,-,A,D,0,,,,,Y,,A,01,0,1,0,0,0,0,0,0,0,"- ","- ",37.933261871337891,-122.51641082763672,MARIN,"CORTE MADERA",-122.51644134521484,37.933254241943359
91481194,2021,2021-05-27,9350,2021-05-20,1550,021488,,4,2,2,2102,0,1,2,,2,050,"US-101 NORTHBOUND","TAMALPAIS DRIVE OVERCROSSING",1215.00,S,N,A,-,Y,,,101,,,,,,N,N,4,0,1,2,A,-,07,21658,A,N,B,C,A,A,H,-,A,D,0,,,,,Y,,A,01,0,0,1,0,0,0,0,0,0,"- ","- ",37.922859191894531,-122.51284790039062,MARIN,"CORTE MADERA",-122.51284027099609,37.922863006591797
91481289,2021,2021-05-27,9350,2021-05-11,1839,021266,,2,2,9,2100,0,3,5,,2,006,"MILLER CREEK ROAD","MARINWOOD AVENUE",0.00,,Y,A,-,N,,,,,,,,,,Y,4,0,1,2,B,-,22,,,N,D,C,A,A,H,-,A,D,0,,,,,Y,,J,48,0,0,1,0,0,0,0,0,0,"- ","- ",38.033470153808594,-122.54029083251953,MARIN,UNINCORPORATED,-122.54026031494141,38.0335693359375
91482803,2021,2021-05-27,9350,2021-05-15,0030,022556,,6,3,9,2100,0,3,5,,2,004,"FAIRFAX BOLINAS RD","PINE MOUNTAIN RD",5280.00,W,N,A,-,N,,,,,,,,,,Y,3,0,1,2,A,-,05,21460,A,F,B,C,A,A,H,-,D,D,0,,,Y,,Y,,A,01,0,1,0,0,0,0,0,0,1,"- ","- ",37.967010498046875,-122.62972259521484,MARIN,UNINCORPORATED,,
91484804,2021,2021-05-28,9350,2021-05-25,2108,021615,,2,2,9,2100,0,1,2,,2,070,"MILLER CREEK RD. TO US-101 N/B","MILLER CREEK RD.",200.00,N,N,A,-,Y,,,,,,,,,,N,4,0,1,1,C,-,18,,,N,H,A,A,A,H,-,D,D,0,,,,,Y,,-,"- ",0,0,1,0,0,0,0,0,0,"- ","- ",38.034019470214844,-122.53565979003906,MARIN,UNINCORPORATED,,
91485116,2021,2021-05-28,9350,2021-05-27,1755,021739,,4,2,2,2102,0,1,2,,2,050,"US-101 N/B","WORNUM DR U/C",528.00,S,N,A,-,Y,,,101,,,,,,N,N,4,0,2,3,A,-,03,22350,,N,C,C,A,A,H,-,A,D,0,,,,,Y,,D,22,0,0,2,0,0,0,0,0,0,"- ","- ",37.934471130371094,-122.51638793945312,MARIN,"CORTE MADERA",-122.51643371582031,37.934463500976562
91486238,2021,2021-06-01,9350,2021-05-24,1540,021418,,1,2,2,2102,0,1,2,,2,050,"US-101 N/B","TAMALPAIS DRIVE OVERCROSSING",1706.00,N,N,A,-,Y,,,101,,,,,,N,Y,3,0,2,3,A,-,03,22350,,N,C,C,A,A,H,-,A,D,0,,,,,Y,,A,08,0,2,0,0,0,0,0,0,0,"- ","- ",37.930690765380859,-122.51576995849609,MARIN,"CORTE MADERA",-122.51573181152344,37.930694580078125
91486623,2021,2021-06-01,9350,2021-05-31,1435,020979,,1,2,9,2100,0,1,2,,2,050,"US-101 S/B",SR-131,4028.00,N,N,A,-,Y,,,,,,,,,,Y,4,0,1,2,A,-,07,21658,A,N,B,C,A,A,H,-,A,D,0,,,,,Y,,A,01,0,0,1,0,0,0,0,0,0,"- ","- ",37.913520812988281,-122.51236724853516,MARIN,UNINCORPORATED,-122.51233673095703,37.913455963134766
91486712,2021,2021-06-01,9350,2021-05-26,1300,021719,,3,1,9,2100,0,1,3,,2,013,"E. BLITHEDALE AVE.","TOWER DR.",0.00,,Y,A,-,N,,,,,,,,,,N,4,0,1,2,A,-,12,21453,A,N,D,C,A,A,H,-,A,A,0,,,,,Y,,A,07,0,0,1,0,0,0,0,0,0,"- ","- ",37.903488159179688,-122.51907348632812,MARIN,UNINCORPORATED,-122.51902770996094,37.903553009033203
91491156,2021,2021-06-07,9350,2021-05-19,1529,022310,,3,2,9,2100,0,2,4,,1,014,"PANORAMIC HWY","BAY VIEW DR.  PROLONGATION",300.00,E,N,A,-,N,,,,,,,,,,Y,3,0,1,1,A,-,08,22107,,N,E,J,A,A,H,-,A,D,0,,,,,Y,,A,07,0,1,0,0,0,0,0,0,0,"- ","- ",37.89630126953125,-122.55948638916016,MARIN,UNINCORPORATED,-122.55953979492188,37.896373748779297
91491669,2021,2021-06-08,9350,2021-05-28,1455,021696,,5,2,3,2104,0,1,2,,2,050,"US-101 N/B","WORNUM DRIVE",710.00,S,N,A,-,Y,,,101,,,,,,N,N,4,0,2,3,A,-,03,22350,,N,C,C,A,A,H,-,A,D,0,,,,,Y,,A,01,0,0,2,0,0,0,0,0,0,"- ","- ",37.933559417724609,-122.51619720458984,MARIN,LARKSPUR,-122.51625823974609,37.933547973632812
91492010,2021,2021-06-08,9350,2021-06-03,0105,022107,,4,3,5,2109,0,1,2,,1,060,"US-101 S/B","COLEMAN PEDESTRIAN O/C",1720.00,S,N,A,-,Y,,,101,,,,,,S,Y,4,0,1,2,A,-,03,22350,,F,C,C,A,A,H,-,C,D,0,,,,,Y,,-,99,0,0,1,0,0,0,0,0,0,"- ","- ",37.98284912109375,-122.52269744873047,MARIN,"SAN RAFAEL",-122.52268981933594,37.982856750488281
91492058,2021,2021-06-08,9350,2021-06-02,1400,021719,,3,2,9,2100,0,3,5,,2,003,"REDWOOD HWY FRONTAGE RD.","REED BLVD.",20.00,N,N,A,-,N,,,,,,,,,,N,4,0,1,2,A,-,03,22350,,N,C,C,A,A,H,-,A,D,0,,,,,Y,,A,01,0,0,1,0,0,0,0,0,0,"- ","- ",37.901378631591797,-122.51493835449219,MARIN,UNINCORPORATED,-122.51494598388672,37.901290893554688
91493835,2021,2021-06-10,9350,2021-05-28,0904,022108,,5,1,9,2100,0,1,2,,1,080,"US-101 N/B","BUCK CENTER DRIVE",48.00,S,N,A,-,Y,,,101,,,,,,N,Y,4,0,1,2,A,-,08,22107,,N,F,I,A,A,H,-,A,D,0,,,,,Y,,A,01,0,0,1,0,0,0,0,0,0,"- ","- ",38.132579803466797,-122.56346130371094,MARIN,UNINCORPORATED,-122.56359100341797,38.132579803466797
91494223,2021,2021-06-10,9350,2021-06-06,0846,022108,,7,1,9,2100,0,1,1,,1,015,"I-580 E/B FROM SIR FRANCIS DRAKE BOULEVARD","ANDERSEN DRIVE",469.00,E,N,A,-,Y,,,580,,,,R,,E,Y,4,0,1,1,A,-,03,22350,,N,E,I,A,A,H,-,A,D,0,,,,,Y,,A,07,0,0,1,0,0,0,0,0,0,"- ","- ",37.946338653564453,-122.49202728271484,MARIN,UNINCORPORATED,-122.49202728271484,37.946338653564453
91494469,2021,2021-06-10,9350,2021-06-02,0802,017729,,3,1,4,2106,0,1,2,,1,080,"US-101 S/B","ATHERTON AVENUE OVERCROSSING",2024.00,S,N,A,-,Y,,,101,,,,,,S,Y,3,0,1,4,A,-,07,21658,A,N,B,C,A,A,H,-,A,D,0,,,,,Y,,A,01,0,1,0,0,0,0,0,0,0,"- ","- ",38.112850189208984,-122.56455230712891,MARIN,NOVATO,-122.56451416015625,38.11285400390625
91494903,2021,2021-06-11,9350,2021-06-05,2125,022578,,6,2,9,2100,0,3,5,,2,005,"POINT SAN PEDRO ROAD E/B","MARGARITA DRIVE",175.00,W,N,A,-,N,,,,,,,,,,N,3,0,1,2,A,-,07,21658,A,N,C,G,A,A,H,-,D,D,0,,Y,,,Y,,L,04,0,1,0,0,0,0,1,0,0,"- ","- ",37.974838256835938,-122.49668884277344,MARIN,UNINCORPORATED,-122.49665832519531,37.974964141845703
91494919,2021,2021-06-11,9350,2021-06-06,1650,020979,,7,2,9,2100,0,1,2,,1,080,"US-101 S/B","SAN ANTONO RD",7603.00,N,N,A,-,Y,,,101,,,,,,S,N,4,0,3,2,A,-,03,22350,,N,C,C,A,A,H,-,A,D,0,,,,,Y,,A,01,0,0,3,0,0,0,0,0,0,"- ","- ",38.177120208740234,-122.59494018554688,MARIN,UNINCORPORATED,-122.59494781494141,38.177104949951172
91495169,2021,2021-06-11,9350,2021-06-06,1345,022433,,7,1,9,2100,0,1,3,,2,022,SR-1,"PACIFIC WAY",3854.00,S,N,A,-,Y,,,1,,,,,,,N,2,0,1,1,A,-,03,22350,,N,F,A,A,A,B,-,A,D,0,,,Y,,Y,,C,02,1,0,0,0,0,0,0,0,1,"- ","- ",37.867538452148438,-122.56488037109375,MARIN,UNINCORPORATED,-122.56487274169922,37.867534637451172
91497060,2021,2021-06-15,9350,2021-06-04,1547,022310,,5,2,9,2100,0,3,5,,2,003,"PARADISE DR","MATEO DR",190.00,N,N,A,-,N,,,,,,,,,,N,2,0,1,1,A,-,01,23152,A,N,E,J,A,A,H,-,A,D,0,,,,,Y,Y,A,01,1,0,0,0,0,0,0,0,0,"- ","- ",37.908828735351562,-122.47891998291016,MARIN,UNINCORPORATED,-122.47885131835938,37.908351898193359
91497111,2021,2021-06-15,9350,2021-06-07,1505,021696,,1,2,5,2109,0,1,2,,2,050,"US-101 N/B","BELLAM BLVD",750.00,S,N,A,-,Y,,,101,,,,,,N,Y,4,0,1,4,A,-,07,21658,A,N,C,C,A,A,H,-,A,D,0,,,,,Y,,D,22,0,0,1,0,0,0,0,0,0,"- ","- ",37.955680847167969,-122.5086669921875,MARIN,"SAN RAFAEL",-122.50852966308594,37.955707550048828
91497131,2021,2021-06-15,9350,2021-06-08,0006,022578,,2,3,9,2100,0,1,3,,2,237,SR-37,SR-121,660.00,E,N,A,-,Y,,,,,,,,,,N,3,0,1,2,A,-,03,22350,,N,C,C,A,A,H,-,D,D,0,,,,,Y,,D,22,0,1,0,0,0,0,0,0,0,"- ","- ",38.151641845703125,-122.44725036621094,MARIN,UNINCORPORATED,,
91497142,2021,2021-07-08,9350,2021-06-09,1535,021719,,3,2,9,2100,0,1,3,,1,052,SR-1,"OLEMA CAMPGROUND RD.",750.00,N,N,A,-,N,,,1,,,,,,,Y,3,0,1,1,C,-,18,,,N,E,I,A,A,H,-,A,D,0,,,,,Y,,-,"- ",0,1,0,0,0,0,0,0,0,"- ","- ",38.044281005859375,-122.78958129882812,MARIN,UNINCORPORATED,-122.78952026367188,38.044361114501953
91498164,2021,2021-06-16,9350,2021-06-06,2126,022514,,7,2,9,2100,0,1,2,,2,020,"US-101 NB","CONZELMAN ROAD",450.00,N,N,A,-,Y,,,101,,,,,,N,Y,3,0,1,1,A,-,01,23152,A,N,E,8,A,A,H,-,C,D,0,,,,,Y,Y,A,01,0,1,0,0,0,0,0,0,0,"- ","- ",37.832481384277344,-122.48094177246094,MARIN,UNINCORPORATED,-122.48098754882812,37.832424163818359
91499322,2021,2021-06-17,9350,2021-06-11,0805,016034,,5,1,5,2109,0,1,1,,1,015,"I-580 W/B","SIR FRANCIS DRAKE BOULEVARD",528.00,E,N,A,-,Y,,,580,,,,,,W,Y,4,0,1,2,A,-,03,22350,,N,C,C,A,A,H,-,A,D,0,,,,,Y,,D,22,0,0,1,0,0,0,0,0,0,"- ","- ",37.944938659667969,-122.48651885986328,MARIN,"SAN RAFAEL",-122.48651885986328,37.944892883300781
91499633,2021,2021-06-17,9350,2021-06-11,1730,022310,,5,2,9,2100,0,3,5,,2,006,"WOLF GRADE","EDNA CT.",50.00,N,N,A,-,N,,,,,,,,,,Y,4,0,1,2,A,-,08,22107,,N,C,E,A,A,H,-,A,D,0,,,,,Y,,A,01,0,0,1,0,0,0,0,0,0,"- ","- ",37.953960418701172,-122.53742980957031,MARIN,UNINCORPORATED,-122.53749847412109,37.953956604003906
91502593,2021,2021-06-22,9350,2021-06-12,0030,022556,,6,3,9,2100,0,1,3,,1,042,SR-1,"HORSESHOE HILL RD.",425.00,N,N,B,-,Y,,,1,,,,,,,Y,4,0,1,1,A,-,08,22107,,N,E,I,A,B,H,-,D,D,0,,,,,Y,,D,22,0,0,1,0,0,0,0,0,0,"- ","- ",37.940460205078125,-122.70513153076172,MARIN,UNINCORPORATED,-122.70513153076172,37.940460205078125
91504560,2021,2021-06-23,9350,2021-06-12,1501,022310,,6,2,9,2100,0,1,3,,1,012,SR-1,"TENNESEE VALLEY RD",605.00,N,N,A,-,Y,,,1,,,,,,,N,4,0,1,2,A,-,09,21801,A,N,D,G,A,A,H,-,A,B,0,,Y,,,Y,,A,07,0,0,1,0,0,0,1,0,0,"- ","- ",37.880638122558594,-122.52417755126953,MARIN,UNINCORPORATED,-122.52410888671875,37.880687713623047
91505045,2021,2021-06-24,9350,2021-06-21,1530,021686,,1,2,5,2109,0,1,2,,2,050,"US-101 NORTHBOUND","RT 580",800.00,S,N,A,-,Y,,,101,,,,,,N,N,4,0,1,2,A,-,03,22350,,N,C,C,A,A,H,-,A,D,0,,,,,Y,,D,22,0,0,1,0,0,0,0,0,0,"- ","- ",37.959861755371094,-122.50946807861328,MARIN,"SAN RAFAEL",-122.50933074951172,37.959888458251953
91505707,2021,2021-06-24,9350,2021-06-18,1850,022441,,5,2,9,2100,0,1,2,,1,060,"US-101 S/B FROM MANUEL T FREITAS PKWY","MANUEL T FREITAS PKY O/C",290.00,S,N,A,-,Y,,,,,,,,,,N,4,0,1,2,A,-,03,22350,,N,C,C,A,A,H,-,A,A,0,,,,,Y,,D,22,0,0,1,0,0,0,0,0,0,"- ","- ",38.006221771240234,-122.5413818359375,MARIN,UNINCORPORATED,-122.54144287109375,38.006679534912109
91508519,2021,2021-06-29,9360,2021-06-19,0350,021904,,6,3,9,2100,0,3,5,,2,007,"DILLON BEACH ROAD","MIDDLE ROAD",2000.00,W,N,A,-,N,,,,,,,,,,N,3,0,1,1,C,-,18,,,N,E,H,A,A,H,-,D,D,0,,,,,Y,,-,"- ",0,1,0,0,0,0,0,0,0,"- ","- ",38.245891571044922,-122.93083190917969,MARIN,UNINCORPORATED,-122.93025207519531,38.246040344238281
91508784,2021,2021-06-29,9350,2021-06-20,2105,022432,,7,2,9,2100,0,1,2,,2,020,"US-101 S/B","ALEXANDER AVENUE",2640.00,N,N,A,-,Y,,,101,,,,,,S,Y,3,0,1,1,A,-,01,23152,A,N,E,I,A,A,H,-,C,D,0,,,,,Y,Y,A,01,0,1,0,0,0,0,0,0,0,"- ","- ",37.842319488525391,-122.4857177734375,MARIN,UNINCORPORATED,-122.48581695556641,37.842304229736328
91509058,2021,2021-06-29,9350,2021-06-18,2130,022556,,5,2,9,2100,0,1,2,,1,030,"US-101 N/B","N BRIDGE BLVD.",2148.00,S,N,A,-,Y,,,101,,,,,,N,N,4,0,2,2,A,-,03,22350,,N,C,C,A,A,H,-,D,D,0,,,,,Y,,A,01,0,0,2,0,0,0,0,0,0,"- ","- ",37.86566162109375,-122.50710296630859,MARIN,UNINCORPORATED,-122.50701904296875,37.86566162109375
91510257,2021,2021-06-30,9350,2021-06-19,0550,022108,,6,3,5,2109,0,1,1,,1,015,"I-580 W/B","MAIN STREET",20.00,E,N,A,C,Y,,,580,,,,,,W,Y,3,0,1,1,C,-,18,,,N,E,I,A,A,H,-,A,D,0,,,,,Y,,-,"- ",0,1,0,0,0,0,0,0,0,"- ","- ",37.943660736083984,-122.48017883300781,MARIN,"SAN RAFAEL",-122.48027801513672,37.943492889404297