CASE_ID,ACCIDENT_YEAR,PROC_DATE,JURIS,COLLISION_DATE,COLLISION_TIME,OFFICER_ID,REPORTING_DISTRICT,DAY_OF_WEEK,CHP_SHIFT,POPULATION,CNTY_CITY_LOC,SPECIAL_COND,BEAT_TYPE,CHP_BEAT_TYPE,CITY_DIVISION_LAPD,CHP_BEAT_CLASS,BEAT_NUMBER,PRIMARY_RD,SECONDARY_RD,DISTANCE,DIRECTION,INTERSECTION,WEATHER_1,WEATHER_2,STATE_HWY_IND,CALTRANS_COUNTY,CALTRANS_DISTRICT,STATE_ROUTE,ROUTE_SUFFIX,POSTMILE_PREFIX,POSTMILE,LOCATION_TYPE,RAMP_INTERSECTION,SIDE_OF_HWY,TOW_AWAY,COLLISION_SEVERITY,NUMBER_KILLED,NUMBER_INJURED,PARTY_COUNT,PRIMARY_COLL_FACTOR,PCF_CODE_OF_VIOL,PCF_VIOL_CATEGORY,PCF_VIOLATION,PCF_VIOL_SUBSECTION,HIT_AND_RUN,TYPE_OF_COLLISION,MVIW,PED_ACTION,ROAD_SURFACE,ROAD_COND_1,ROAD_COND_2,LIGHTING,CONTROL_DEVICE,CHP_ROAD_TYPE,PEDESTRIAN_ACCIDENT,BICYCLE_ACCIDENT,MOTORCYCLE_ACCIDENT,TRUCK_ACCIDENT,NOT_PRIVATE_PROPERTY,ALCOHOL_INVOLVED,STWD_VEHTYPE_AT_FAULT,CHP_VEHTYPE_AT_FAULT,COUNT_SEVERE_INJ,COUNT_VISIBLE_INJ,COUNT_COMPLAINT_PAIN,COUNT_PED_KILLED,COUNT_PED_INJURED,COUNT_BICYCLIST_KILLED,COUNT_BICYCLIST_INJURED,COUNT_MC_KILLED,COUNT_MC_INJURED,PRIMARY_RAMP,SECONDARY_RAMP,LATITUDE,LONGITUDE,COUNTY,CITY,POINT_X,POINT_Y
91510305,2021,2021-06-30,9350,2021-06-21,1705,021418,,1,2,9,2100,0,1,2,,2,070,"MILLER CREEK ROAD TO US-101 S/B","MILLER CREEK ROAD OC",596.00,S,N,A,-,Y,,,,,,,,,,N,4,0,1,2,B,-,22,,,N,C,C,A,A,H,-,A,D,0,,,,,Y,,I,19,0,0,1,0,0,0,0,0,0,"- ","- ",38.031898498535156,-122.53765869140625,MARIN,UNINCORPORATED,,
91510329,2021,2021-06-30,9350,2021-06-23,1740,021418,,3,2,5,2109,0,1,2,,2,050,"US-101 N/B","I-580 OC",1423.00,S,N,A,-,Y,,,101,,,,,,N,N,3,0,1,3,A,-,03,22350,,N,C,C,A,A,H,-,A,D,0,,,,,Y,,A,07,0,1,0,0,0,0,0,0,0,"- ","- ",37.958259582519531,-122.50890350341797,MARIN,"SAN RAFAEL",-122.50901794433594,37.958236694335938
91511164,2021,2021-07-01,9350,2021-05-19,1630,019000,,3,2,9,2100,0,3,5,,2,002,"COLE DRIVE","DRAKE AVENUE",200.00,E,N,A,-,N,,,,,,,,,,N,4,0,1,2,D,-,00,,,N,B,C,A,A,H,-,A,D,0,,,,,Y,,-,"- ",0,0,1,0,0,0,0,0,0,"- ","- ",37.868579864501953,-122.50859832763672,MARIN,UNINCORPORATED,-122.51051330566406,37.868518829345703
91514533,2021,2021-07-07,9350,2021-06-28,0950,022433,,1,1,5,2109,0,1,2,,1,060,"US-101 NB FROM LINCOLN AVE.","LINCOLN AVE U/C",400.00,N,N,A,-,Y,,,101,,,,R,,N,Y,4,0,1,2,A,-,03,22350,,N,C,C,A,A,H,-,A,D,0,,,,,Y,,A,07,0,0,1,0,0,0,0,0,0,"- ","- ",37.989288330078125,-122.52751159667969,MARIN,"SAN RAFAEL",-122.52751159667969,37.989288330078125
91515645,2021,2021-07-08,9350,2021-07-03,1000,021586,,6,1,4,2106,0,1,2,,1,080,"US-101 NB","ROWLAND BOULEVARD",2640.00,N,N,A,-,Y,,,101,,,,,,N,N,4,0,2,3,A,-,07,21658,A,N,B,C,A,A,H,-,A,D,0,,,,,Y,,A,01,0,0,2,0,0,0,0,0,0,"- ","- ",38.086639404296875,-122.55303955078125,MARIN,NOVATO,-122.55303955078125,38.086639404296875
91516592,2021,2021-07-09,9350,2021-06-27,1759,021696,,7,2,9,2100,0,1,2,,1,080,"US-101 S/B","SAN ANTONIO RD",2640.00,N,N,A,-,Y,,,101,,,,,,S,Y,2,0,1,2,A,-,08,22107,,N,C,C,A,A,H,-,A,D,0,,,Y,,Y,,C,02,1,0,0,0,0,0,0,0,1,"- ","- ",38.168071746826172,-122.58222961425781,MARIN,UNINCORPORATED,-122.58223724365234,38.168056488037109
91517008,2021,2021-07-09,9350,2021-07-06,1510,021266,,2,2,4,2106,0,1,2,,1,080,"US-101 N/B","ATHERTON AVENUE OVER CROSSING",7920.00,N,N,A,-,Y,,,101,,,,,,N,N,4,0,2,2,A,-,03,22350,,N,C,C,A,A,H,-,A,D,0,,,,,Y,,A,01,0,0,2,0,0,0,0,0,0,"- ","- ",38.138240814208984,-122.56401062011719,MARIN,NOVATO,-122.56396484375,38.13824462890625
91518818,2021,2021-07-13,9350,2021-07-04,0530,021586,,7,3,9,2100,0,1,2,,1,080,"US-101 NB","SAN ANTONIO ROAD",3168.00,S,N,A,-,Y,,,101,,,,,,N,Y,3,0,2,2,A,-,08,22107,,N,C,2,A,A,H,-,B,D,0,,,,,Y,,A,01,0,1,1,0,0,0,0,0,0,"- ","- ",38.156200408935547,-122.56838226318359,MARIN,UNINCORPORATED,-122.56839752197266,38.156196594238281
91518849,2021,2021-07-13,9350,2021-07-05,1325,022445,,1,1,9,2100,0,1,2,,2,020,"US-101 S/B","ALEXANDER AVENUE",1700.00,N,N,A,-,Y,,,101,,,,,,S,N,2,0,3,2,A,-,03,22350,,N,C,C,A,A,H,-,A,D,0,,,,,Y,,A,07,1,0,2,0,0,0,0,0,0,"- ","- ",37.844009399414062,-122.48615264892578,MARIN,UNINCORPORATED,-122.48609924316406,37.844017028808594
91519861,2021,2021-07-14,9350,2021-07-05,1441,019000,,1,2,9,2100,0,1,2,,2,070,"US-101 S/B","MILLERCREEK OVERCROSSING",211.00,S,N,A,-,Y,,,101,,,,,,S,N,4,0,1,2,A,-,07,21658,A,N,C,C,A,A,H,-,A,D,0,,,,,Y,,A,07,0,0,1,0,0,0,0,0,0,"- ","- ",38.027530670166016,-122.53794860839844,MARIN,UNINCORPORATED,-122.53793334960938,38.02752685546875
91522180,2021,2021-07-16,9350,2021-06-27,1845,022373,,7,2,9,2100,0,2,4,,1,046,"POINT REYES PETALUMA ROAD","HICKS VALLEY ROAD",7920.00,E,N,A,-,N,,,,,,,,,,Y,2,0,1,1,A,-,03,22350,,N,F,A,A,A,H,-,A,D,0,,,Y,,Y,,C,02,1,0,0,0,0,0,0,0,1,"- ","- ",38.163059234619141,-122.68051910400391,MARIN,UNINCORPORATED,-122.682373046875,38.162673950195312
91527937,2021,2021-07-23,9350,2021-06-26,1630,020979,,6,2,9,2100,0,2,4,,1,016,"LUCAS VALLEY ROAD","SEQUEIRA ROAD",311.50,E,N,A,-,N,,,,,,,,,,Y,1,1,0,1,C,-,18,,,N,H,H,A,A,H,-,A,D,0,,,Y,,Y,,-,"- ",0,0,0,0,0,0,0,1,0,"- ","- ",38.025989532470703,-122.55708312988281,MARIN,UNINCORPORATED,-122.55699920654297,38.026031494140625
91529174,2021,2021-07-26,9350,2021-07-14,1745,021418,,3,2,5,2109,0,1,2,,2,050,"US-101 N/B","I-580 OC",1410.00,S,N,A,-,Y,,,101,,,,,,N,N,2,0,6,3,A,-,03,22350,,N,C,C,A,A,H,-,A,D,0,,,,,Y,Y,A,01,2,0,4,0,0,0,0,0,0,"- ","- ",37.958248138427734,-122.50890350341797,MARIN,"SAN RAFAEL",-122.50901794433594,37.958229064941406
91529177,2021,2021-07-26,9350,2021-07-14,2335,022107,,3,3,9,2100,0,2,4,,1,044,"SIR FRANCIS DRAKE BLVD W/B","DONIG DR",223.00,W,N,A,-,N,,,,,,,,,,Y,2,0,1,1,A,-,03,22350,,N,E,I,A,A,H,-,C,D,0,,,Y,,Y,,C,02,1,0,0,0,0,0,0,0,1,"- ","- ",38.015201568603516,-122.68846130371094,MARIN,UNINCORPORATED,,
91529182,2021,2021-07-26,9350,2021-07-17,1100,021586,,6,1,9,2100,0,1,2,,1,080,"US-101 NB","SAN ANTONIO ROAD",6864.00,S,N,A,-,Y,,,101,,,,,,N,Y,3,0,2,1,A,-,08,22107,,N,E,8,A,A,H,-,A,D,0,,,,,Y,,A,01,0,1,1,0,0,0,0,0,0,"- ","- ",38.14678955078125,-122.56526947021484,MARIN,UNINCORPORATED,-122.565185546875,38.146820068359375
91529848,2021,2021-07-27,9350,2021-07-11,1605,022415,,7,2,9,2100,0,2,4,,1,044,"SIR FRANCIS DRAKE BLVD","RAILROAD AVE",4666.00,E,N,A,-,N,,,,,,,,,,Y,4,0,1,2,A,-,09,21801,A,N,D,C,A,A,H,-,A,D,0,,,,,Y,,A,01,0,0,1,0,0,0,0,0,0,"- ","- ",38.013710021972656,-122.63166046142578,MARIN,UNINCORPORATED,-122.63187408447266,38.013774871826172
91530868,2021,2021-07-28,9350,2021-07-16,1548,022373,,5,2,9,2100,0,1,2,,2,020,"US 101 NB","THE NORTH EDGE OF THE ROBIN WILLIAMS TUNNEL",250.00,N,N,B,-,Y,,,,,,,,,,Y,3,0,1,2,A,-,03,22350,,N,B,2,A,A,H,-,A,D,0,,,Y,,Y,,C,02,0,1,0,0,0,0,0,0,1,"- ","- ",37.846641540527344,-122.48658752441406,MARIN,UNINCORPORATED,,
91530900,2021,2021-07-28,9350,2021-07-15,1545,021418,,4,2,9,2100,0,2,4,,2,024,"SIR FRANCIS DRAKE BLVD. W/B","TERRACE AVENUE",73.00,E,N,A,-,N,,,,,,,,,,N,4,0,1,2,A,-,08,22107,,N,B,E,A,A,H,-,A,D,0,,,,,Y,,I,10,0,0,1,0,0,0,0,0,0,"- ","- ",37.954761505126953,-122.54624938964844,MARIN,UNINCORPORATED,-122.54634857177734,37.954727172851562
91534515,2021,2021-08-02,9350,2021-07-23,1145,021075,,5,1,9,2100,0,1,3,,1,052,SR-1,"CYPRESS AVE",14520.00,N,N,A,-,Y,,,1,,,,,,,Y,3,0,1,2,A,-,03,22350,,N,A,C,A,A,H,-,A,D,0,,,Y,,Y,,C,02,0,1,0,0,0,0,0,0,1,"- ","- ",38.105449676513672,-122.83999633789062,MARIN,UNINCORPORATED,-122.84000396728516,38.105457305908203
91534626,2021,2021-08-02,9350,2021-07-29,1930,021485,,4,2,5,2109,0,1,1,,1,015,"I-580 W/B","MAIN STREET",1400.00,W,N,A,-,Y,,,580,,,,,,W,Y,3,0,1,2,A,-,17,23114,A,N,H,C,A,A,H,-,A,D,0,,,,,Y,,A,07,0,1,0,0,0,0,0,0,0,"- ","- ",37.945011138916016,-122.48496246337891,MARIN,"SAN RAFAEL",-122.48495483398438,37.944976806640625
91535556,2021,2021-08-03,9350,2021-07-20,1655,022300,,2,2,2,2102,0,1,2,,2,050,"US 101 N/B","TAMALPAIS DR.",2112.00,N,N,A,-,Y,,,,,,,,,,Y,4,0,2,5,A,-,03,22350,,N,C,C,A,A,H,-,A,D,0,,,,,Y,,A,01,0,0,2,0,0,0,0,0,0,"- ","- ",37.931930541992188,-122.5159912109375,MARIN,"CORTE MADERA",-122.51592254638672,37.931674957275391
91535924,2021,2021-08-03,9350,2021-08-02,2156,022411,,1,2,9,2100,0,1,1,,1,015,"I-580 W/B","MAIN ST U/C",10560.00,E,N,A,-,Y,,,580,,,,,,W,Y,2,0,2,2,A,-,03,22350,,N,C,C,A,A,H,-,D,D,0,,,,,Y,,A,01,1,1,0,0,0,0,0,0,0,"- ","- ",37.935039520263672,-122.44316864013672,MARIN,UNINCORPORATED,-122.44317626953125,37.93499755859375
91536589,2021,2021-08-04,9350,2021-07-30,0625,022133,,5,1,9,2100,0,2,4,,2,025,"N. SAN PEDRO RD.","JEFFERSON AVE",25.00,W,N,A,-,N,,,,,,,,,,Y,4,0,2,2,A,-,08,22107,,N,B,E,A,A,H,-,A,D,0,,,,,Y,,A,01,0,0,2,0,0,0,0,0,0,"- ","- ",37.997928619384766,-122.52684783935547,MARIN,UNINCORPORATED,-122.52679443359375,37.997970581054688
91536707,2021,2021-08-04,9350,2021-07-27,1820,021418,,2,2,9,2100,0,1,1,,1,015,"I-580 W/B","MARIN/CONTRA COSTA CO. LINE",2400.00,W,N,A,-,Y,,,,,,,,,,N,4,0,1,3,A,-,03,22350,,N,C,C,A,A,H,-,A,D,0,,,,,Y,,A,01,0,0,1,0,0,0,0,0,0,"- ","- ",37.933940887451172,-122.42768859863281,MARIN,UNINCORPORATED,,
91540715,2021,2021-08-09,9350,2021-07-28,1855,021686,,3,2,9,2100,0,3,5,,2,004,"RAILROAD AVENUE","SAN GERONIMO VALLEY DR",0.00,,Y,A,-,N,,,,,,,,,,Y,4,0,1,1,A,-,08,22107,,N,E,I,A,A,H,-,A,D,0,,,,,Y,,A,01,0,0,1,0,0,0,0,0,0,"- ","- ",38.012470245361328,-122.64557647705078,MARIN,UNINCORPORATED,-122.64585113525391,38.012912750244141
91541638,2021,2021-08-10,9350,2021-07-30,1220,021075,,5,1,9,2100,0,3,5,,2,004,"RAILROAD AVENUE","SCOTT STREET",315.00,S,N,A,-,N,,,,,,,,,,Y,4,0,1,1,C,-,18,,,N,E,I,A,A,H,-,A,D,0,,,,,Y,,-,"- ",0,0,1,0,0,0,0,0,0,"- ","- ",38.009658813476562,-122.63912963867188,MARIN,UNINCORPORATED,-122.63913726806641,38.00958251953125
91544380,2021,2021-08-13,9350,2021-08-05,0115,021615,,4,3,9,2100,0,1,2,,1,080,"US-101 N/B","SAN ANTONIO ROAD OVERCROSSING",2383.00,S,N,A,-,Y,,,101,,,,,,N,Y,4,0,1,1,A,-,08,22107,,N,F,J,A,A,H,-,D,D,0,,,,,Y,,A,01,0,0,1,0,0,0,0,0,0,"- ","- ",38.158428192138672,-122.56935119628906,MARIN,UNINCORPORATED,-122.5694580078125,38.158348083496094
91547024,2021,2021-08-17,9350,2021-07-31,1415,022373,,6,2,9,2100,0,1,3,,1,052,"RT 1","SNAKE RD",1320.00,S,N,A,-,Y,,,1,,,,,,,Y,2,0,1,1,A,-,03,22350,,N,E,I,A,A,H,-,A,D,0,,,Y,,Y,Y,C,02,1,0,0,0,0,0,0,0,1,"- ","- ",38.21807861328125,-122.92336273193359,MARIN,UNINCORPORATED,-122.92335510253906,38.218074798583984
91547805,2021,2021-08-18,9350,2021-08-09,1435,022614,,1,2,5,2109,0,1,2,,1,060,"US-101 N/B","I-580 O/C",1900.00,N,N,A,-,Y,,,101,,,,,,N,Y,4,0,1,3,A,-,01,23152,A,N,C,C,A,A,H,-,A,D,0,,,,,Y,Y,A,07,0,0,1,0,0,0,0,0,0,"- ","- ",37.965568542480469,-122.51519775390625,MARIN,"SAN RAFAEL",-122.51516723632812,37.965625762939453
91547823,2021,2021-08-18,9350,2021-08-09,1610,022643,,1,2,5,2109,0,1,2,,2,050,"US-101 N/B","BELLAM BLVD",170.00,S,N,A,-,Y,,,101,,,,,,N,Y,4,0,1,5,A,-,03,22350,,N,C,C,A,A,H,-,A,D,0,,,,,Y,,A,07,0,0,1,0,0,0,0,0,0,"- ","- ",37.957199096679688,-122.50887298583984,MARIN,"SAN RAFAEL",-122.50881958007812,37.957210540771484
91547938,2021,2021-08-18,9350,2021-08-15,1425,022643,,7,2,9,2100,0,1,2,,1,080,"US-101 S/B","SAN ANTONIO RD",300.00,S,N,A,-,Y,,,101,,,,,,S,Y,4,0,1,2,A,-,03,22350,,N,C,C,A,A,H,-,A,D,0,,,,,Y,,A,01,0,0,1,0,0,0,0,0,0,"- ","- ",38.162399291992188,-122.57451629638672,MARIN,UNINCORPORATED,-122.57451629638672,38.162410736083984
91549220,2021,2021-08-19,9350,2021-08-11,1230,022634,,3,1,9,2100,0,2,4,,1,046,"POINT REYES-PETALUMA RD.","HICKS VALLEY RD",1518.00,E,N,A,-,N,,,,,,,,,,Y,4,0,1,2,A,-,05,21460,A,N,D,C,A,A,H,-,A,D,0,,,,,Y,,A,01,0,0,1,0,0,0,0,0,0,"- ","- ",38.152690887451172,-122.7000732421875,MARIN,UNINCORPORATED,-122.70010375976562,38.152645111083984
91549590,2021,2021-08-19,9350,2021-08-12,0916,022656,,4,1,5,2109,0,1,2,,1,060,"US-101 N/B","RT 580",2640.00,N,N,A,-,Y,,,101,,,,,,N,Y,4,0,1,3,A,-,07,21658,A,N,C,C,A,A,H,-,A,D,0,,,,Y,Y,,F,25,0,0,1,0,0,0,0,0,0,"- ","- ",37.967491149902344,-122.51844024658203,MARIN,"SAN RAFAEL",-122.51845550537109,37.96746826171875
91550043,2021,2021-08-20,9350,2021-08-02,1310,022415,,1,1,9,2100,0,3,5,,2,002,"DONAHUE ST","DRAKE AVE",0.00,,Y,A,-,N,,,,,,,,,,N,4,0,1,2,A,-,10,21950,A,N,G,B,B,A,H,-,A,A,0,Y,,,,Y,,A,01,0,0,1,0,1,0,0,0,0,"- ","- ",37.871341705322266,-122.50936889648438,MARIN,UNINCORPORATED,-122.51183319091797,37.873420715332031
91550145,2021,2021-08-20,9350,2021-08-16,0840,015964,,1,1,9,2100,0,1,3,,1,042,"SR-1 (SHORELINE HWY.)","FIVE BROOKS TRAILHEAD",5808.00,S,N,A,-,Y,,,1,,,,,,,Y,4,0,1,1,A,-,03,22350,,N,E,8,A,A,H,-,A,D,0,,,,,Y,,A,07,0,0,1,0,0,0,0,0,0,"- ","- ",37.9610595703125,-122.71952056884766,MARIN,UNINCORPORATED,-122.71962738037109,37.961086273193359
91550382,2021,2021-08-20,9350,2021-08-15,2045,022432,,7,2,9,2100,0,1,2,,2,040,"US-101 S/B",SR-1,1584.00,S,N,A,-,Y,,,101,,,,,,S,N,4,0,1,2,A,-,03,22350,,N,C,C,A,A,H,-,C,D,0,,,,,Y,,A,01,0,0,1,0,0,0,0,0,0,"- ","- ",37.877468109130859,-122.51315307617188,MARIN,UNINCORPORATED,-122.51312255859375,37.877517700195312
91557392,2021,2021-08-27,9350,2021-08-21,1200,022633,,6,1,9,2100,0,2,4,,1,014,"PANORAMIC HWY.","PAN TOLL RD.",454.00,W,N,B,-,N,,,,,,,,,,N,3,0,1,1,A,-,03,22350,,N,F,A,A,B,H,-,A,D,0,,,Y,,Y,,C,02,0,1,0,0,0,0,0,0,1,"- ","- ",37.90325927734375,-122.60489654541016,MARIN,UNINCORPORATED,-122.60490417480469,37.903270721435547
91560142,2021,2021-09-01,9350,2021-08-25,2118,021686,,3,2,5,2109,0,1,1,,1,015,"I-580 EASTBOUND","SIR FRANCIS DRAKE BOULEVARD",1920.00,W,N,A,-,Y,,,580,,,,,,E,Y,3,0,1,2,A,-,01,23152,A,N,C,C,A,A,H,-,C,D,0,,,,Y,Y,Y,D,22,0,1,0,0,0,0,0,0,0,"- ","- ",37.950508117675781,-122.49565124511719,MARIN,"SAN RAFAEL",-122.49559783935547,37.9505615234375
91560153,2021,2021-09-01,9350,2021-08-26,1230,022633,,4,1,9,2100,0,1,3,,2,013,"STATE ROUTE 131 EASTBOUND","KIPLING DRIVE",1056.00,E,N,A,-,Y,,,131,,,,,,E,Y,4,0,2,2,A,-,03,22350,,N,C,C,A,A,H,-,A,A,0,,,,Y,Y,,F,27,0,0,2,0,0,0,0,0,0,"- ","- ",37.902721405029297,-122.51586151123047,MARIN,UNINCORPORATED,-122.51559448242188,37.902759552001953
91562465,2021,2021-09-03,9350,2021-08-29,1313,022108,,7,1,9,2100,0,3,5,,2,002,"SIR FRANCIS DRAKE BLVD","OYSTER RD",2873.00,E,N,A,-,N,,,,,,,,,,N,2,0,1,1,A,-,03,22350,,N,E,I,A,A,H,-,A,D,0,,,,,Y,,A,01,1,0,0,0,0,0,0,0,0,"- ","- ",38.092720031738281,-122.91802215576172,MARIN,UNINCORPORATED,,
91564973,2021,2021-09-08,9350,2021-08-27,1440,022614,,5,2,9,2100,0,1,2,,2,050,"US-101 N/B","SR-131 O/C",2000.00,N,N,A,-,Y,,,101,,,,,,N,Y,3,0,1,2,A,-,03,22350,,N,C,C,A,A,H,-,A,D,0,,,Y,,Y,,C,02,0,1,0,0,0,0,0,0,1,"- ","- ",37.908218383789062,-122.51418304443359,MARIN,UNINCORPORATED,-122.51418304443359,37.908222198486328
91566610,2021,2021-09-09,9350,2021-09-01,1735,021418,,3,2,5,2109,0,1,1,,1,015,"I-580 W/B","BELLAM BLVD. U/C",146.00,W,N,A,-,Y,,,580,,,,,,W,N,3,0,3,3,A,-,03,22350,,N,C,C,A,A,H,-,A,D,0,,,,,Y,,A,08,0,1,2,0,0,0,0,0,0,"- ","- ",37.960399627685547,-122.50599670410156,MARIN,"SAN RAFAEL",-122.50598907470703,37.960418701171875
91567151,2021,2021-09-10,9350,2021-09-02,0241,021686,,4,3,5,2109,0,1,1,,1,015,"I-580 WESTBOUND","BELLAM BOULEVARD",3520.00,E,N,A,-,Y,,,580,,,,,,W,Y,3,0,1,1,A,-,01,23152,A,N,E,I,A,A,H,-,D,D,0,,,Y,,Y,Y,C,02,0,1,0,0,0,0,0,0,1,"- ","- ",37.952541351318359,-122.49727630615234,MARIN,"SAN RAFAEL",-122.49733734130859,37.952480316162109
91569558,2021,2021-09-14,9350,2021-08-29,1330,022633,,7,1,9,2100,0,1,2,,1,030,"US-101 NORTHBOUND","DONAHUE STREET",2112.00,S,N,A,-,Y,,,101,,,,,,N,Y,4,0,2,2,A,-,01,23152,F,N,C,C,A,A,H,-,A,D,0,,,,,Y,,A,01,0,0,2,0,0,0,0,0,0,"- ","- ",37.867210388183594,-122.50701141357422,MARIN,UNINCORPORATED,-122.507080078125,37.867206573486328
91569616,2021,2021-09-14,9350,2021-09-05,0025,022578,,7,3,9,2100,0,2,4,,1,016,"LUCAS VALLEY ROAD","SKYWALKER RANCH ROAD",1880.00,E,N,A,-,N,,,,,,,,,,Y,4,0,1,1,A,-,01,23152,A,N,E,I,A,A,H,-,D,D,0,,,,,Y,Y,A,01,0,0,1,0,0,0,0,0,0,"- ","- ",38.054008483886719,-122.65013885498047,MARIN,UNINCORPORATED,,
91570054,2021,2021-09-14,9350,2021-09-10,2030,021686,,5,2,9,2100,0,1,3,,1,052,SR-1,"CYPRESS ROAD",13728.00,N,N,A,-,N,,,1,,,,,,,Y,4,0,1,1,A,-,08,22107,,N,E,I,A,A,H,-,D,D,0,,,,,Y,,A,01,0,0,1,0,0,0,0,0,0,"- ","- ",38.103488922119141,-122.83789825439453,MARIN,UNINCORPORATED,-122.83790588378906,38.103538513183594
91571795,2021,2021-09-16,9350,2021-09-05,1705,022373,,7,2,9,2100,0,2,4,,1,044,"SIR FRANCIS DRAKE BLVD","BAYWOOD CANYON ROAD",1584.00,W,N,A,-,N,,,,,,,,,,N,2,0,1,1,C,-,18,,,N,H,A,A,A,H,-,A,D,0,,,,,Y,Y,-,"- ",1,0,0,0,0,0,0,0,0,"- ","- ",38.008228302001953,-122.61733245849609,MARIN,UNINCORPORATED,-122.61451721191406,38.005657196044922
91571811,2021,2021-09-16,9350,2021-09-08,2345,022623,,3,3,5,2109,0,1,2,,1,060,"US-101 N/B","SECOND ST UNDERCROSSING",100.00,S,N,A,-,Y,,,101,,,,,,N,Y,4,0,1,1,A,-,01,23152,F,N,E,I,A,A,H,-,D,D,0,,,,,Y,,A,01,0,0,1,0,0,0,0,0,0,"- ","- ",37.970249176025391,-122.52159881591797,MARIN,"SAN RAFAEL",-122.52167510986328,37.970230102539062
91572957,2021,2021-09-17,9350,2021-09-09,1425,021418,,4,2,5,2109,0,1,2,,2,050,"US-101 N/B","I-580 O/C",1557.00,S,N,A,-,Y,,,101,,,,,,N,N,3,0,1,5,A,-,03,22350,,N,C,C,A,A,H,-,A,D,0,,,,,Y,,D,22,0,1,0,0,0,0,0,0,0,"- ","- ",37.957859039306641,-122.50881195068359,MARIN,"SAN RAFAEL",-122.50894165039062,37.957836151123047
91574384,2021,2021-09-20,9350,2021-09-12,0154,022532,,7,3,9,2100,0,1,2,,2,040,"US-101 N/B","SOUTH EDGE OF SEMINARY DR PEDESTRIAN OVERCROSSING",350.00,S,N,A,-,Y,,,101,,,,,,N,Y,3,0,1,1,A,-,01,23152,A,N,E,I,A,A,H,-,C,D,0,,,,,Y,Y,A,01,0,1,0,0,0,0,0,0,0,"- ","- ",37.888191223144531,-122.51673889160156,MARIN,UNINCORPORATED,-122.51663970947266,37.888191223144531
91575591,2021,2021-09-21,9350,2021-09-16,1412,022606,,4,2,9,2100,0,2,4,,1,014,"PANORAMIC HWY",SR-1,8448.00,E,N,A,-,N,,,,,,,,,,Y,3,0,1,1,A,-,08,22107,,N,E,I,A,A,H,-,A,D,0,,,Y,,Y,,C,02,0,1,0,0,0,0,0,0,1,"- ","- ",37.893959045410156,-122.62413787841797,MARIN,UNINCORPORATED,-122.62382507324219,37.894058227539062
91577148,2021,2021-09-22,9350,2021-09-11,1735,022656,,6,2,9,2100,0,1,3,,2,013,"SR-131 E/B","US-101 S/B TO SR-131",365.00,E,N,A,-,Y,,,131,,,,,,E,Y,3,0,2,4,A,-,03,22350,,N,C,C,A,A,H,-,A,D,0,,,,,Y,,A,01,0,2,0,0,0,0,0,0,0,"- ","- ",37.902721405029297,-122.51593780517578,MARIN,UNINCORPORATED,-122.51559448242188,37.902759552001953
91578259,2021,2021-09-23,9350,2021-09-16,1525,022634,,4,2,2,2110,0,3,5,,2,003,"ALEXANDER AVE E/B","EAST RD",560.00,S,N,A,-,N,,,,,,,,,,N,3,0,1,1,A,-,03,22350,,N,F,I,A,A,A,-,A,D,0,,Y,,,Y,,L,04,0,1,0,0,0,0,1,0,0,"- ","- ",37.843029022216797,-122.478271484375,MARIN,SAUSALITO,-122.47819519042969,37.842754364013672
91579554,2021,2021-09-27,9350,2021-09-15,1730,022634,,3,2,5,2109,0,1,2,,1,060,"US 101 S/B","2ND ST",3182.00,S,N,A,-,Y,,,,,,,,,,N,4,0,2,4,A,-,03,22350,,N,C,C,A,A,H,-,A,D,0,,,,,Y,,D,22,0,0,2,0,0,0,0,0,0,"- ","- ",37.964710235595703,-122.51435852050781,MARIN,"SAN RAFAEL",-122.51416015625,37.964694976806641