CASE_ID,ACCIDENT_YEAR,PROC_DATE,JURIS,COLLISION_DATE,COLLISION_TIME,OFFICER_ID,REPORTING_DISTRICT,DAY_OF_WEEK,CHP_SHIFT,POPULATION,CNTY_CITY_LOC,SPECIAL_COND,BEAT_TYPE,CHP_BEAT_TYPE,CITY_DIVISION_LAPD,CHP_BEAT_CLASS,BEAT_NUMBER,PRIMARY_RD,SECONDARY_RD,DISTANCE,DIRECTION,INTERSECTION,WEATHER_1,WEATHER_2,STATE_HWY_IND,CALTRANS_COUNTY,CALTRANS_DISTRICT,STATE_ROUTE,ROUTE_SUFFIX,POSTMILE_PREFIX,POSTMILE,LOCATION_TYPE,RAMP_INTERSECTION,SIDE_OF_HWY,TOW_AWAY,COLLISION_SEVERITY,NUMBER_KILLED,NUMBER_INJURED,PARTY_COUNT,PRIMARY_COLL_FACTOR,PCF_CODE_OF_VIOL,PCF_VIOL_CATEGORY,PCF_VIOLATION,PCF_VIOL_SUBSECTION,HIT_AND_RUN,TYPE_OF_COLLISION,MVIW,PED_ACTION,ROAD_SURFACE,ROAD_COND_1,ROAD_COND_2,LIGHTING,CONTROL_DEVICE,CHP_ROAD_TYPE,PEDESTRIAN_ACCIDENT,BICYCLE_ACCIDENT,MOTORCYCLE_ACCIDENT,TRUCK_ACCIDENT,NOT_PRIVATE_PROPERTY,ALCOHOL_INVOLVED,STWD_VEHTYPE_AT_FAULT,CHP_VEHTYPE_AT_FAULT,COUNT_SEVERE_INJ,COUNT_VISIBLE_INJ,COUNT_COMPLAINT_PAIN,COUNT_PED_KILLED,COUNT_PED_INJURED,COUNT_BICYCLIST_KILLED,COUNT_BICYCLIST_INJURED,COUNT_MC_KILLED,COUNT_MC_INJURED,PRIMARY_RAMP,SECONDARY_RAMP,LATITUDE,LONGITUDE,COUNTY,CITY,POINT_X,POINT_Y
91579713,2021,2021-09-27,9350,2021-09-19,0300,022433,,7,3,4,2106,0,1,2,,2,070,"S. NOVATO BLVD. TO US-101 NB","SR-37 W/B O/C",50.00,S,N,B,-,Y,,,,,,,,,,Y,3,0,1,1,A,-,03,22350,,N,E,I,A,A,H,-,D,D,0,,,,,Y,,A,07,0,1,0,0,0,0,0,0,0,"- ","- ",38.080951690673828,-122.54461669921875,MARIN,NOVATO,,
91580274,2021,2021-09-27,9350,2021-09-07,1320,022606,,2,1,9,2100,0,2,4,,1,043,"REDWOOD HWY FRNTG RD",SR-131,35.00,S,N,A,-,Y,,,,,,,,,,N,4,0,1,2,A,-,03,22350,,M,C,C,A,A,H,-,A,D,0,,,,,Y,,A,01,0,0,1,0,0,0,0,0,0,"- ","- ",37.902320861816406,-122.51267242431641,MARIN,UNINCORPORATED,-122.51258850097656,37.902484893798828
91584051,2021,2021-09-30,9350,2021-09-18,2222,022556,,6,3,5,2109,0,1,1,,1,015,"I-580 W/B","SIR FRANCIS DRAKE BLVD O/C",1600.00,W,N,A,-,Y,,,580,,,,,,W,N,4,0,1,2,A,-,03,22350,,M,C,C,A,B,G,-,D,D,0,,,,,Y,,A,07,0,0,1,0,0,0,0,0,0,"- ","- ",37.949920654296875,-122.49469757080078,MARIN,"SAN RAFAEL",-122.49467468261719,37.949943542480469
91584106,2021,2021-09-30,9350,2021-09-23,0805,015964,,4,1,3,2105,0,1,2,,2,050,"US-101 (N/B) TO SR-131 (E/B)",SR-131,15.00,S,N,B,-,Y,,,101,,,,R,,,N,4,0,1,2,A,-,03,22350,,N,C,C,A,A,H,-,A,A,0,,,,Y,Y,,F,26,0,0,1,0,0,0,0,0,0,"- ","- ",37.902488708496094,-122.51416778564453,MARIN,"MILL VALLEY",-122.51416778564453,37.902488708496094
91590882,2021,2021-10-07,9350,2021-09-23,1600,017978,,4,2,9,2100,0,1,3,,2,237,"SR-37 E/B","NOBLE RD",1421.00,E,N,A,-,Y,,,,,,,,,,Y,3,0,3,3,A,-,03,22350,,N,C,C,A,A,H,-,A,D,0,,,,,Y,,B,07,0,1,2,0,0,0,0,0,0,"- ","- ",38.158351898193359,-122.4185791015625,MARIN,UNINCORPORATED,-122.41714477539062,38.155288696289062
91590965,2021,2021-10-07,9350,2021-09-30,1650,022656,,4,2,9,2100,0,2,4,,1,046,"POINT REYES PETALUMA ROAD","SAN ANTONIO RD",4330.00,S,N,A,-,N,,,,,,,,,,Y,3,0,1,1,A,-,08,22107,,N,E,I,A,A,H,-,A,D,0,,,,,Y,,A,01,0,1,0,0,0,0,0,0,0,"- ","- ",38.180290222167969,-122.66941070556641,MARIN,UNINCORPORATED,,
91592040,2021,2021-10-08,9350,2021-10-03,0550,021075,,7,3,9,2100,0,2,4,,1,046,"POINT REYES PETALUMA ROAD",SR-1,1584.00,E,N,A,-,N,,,,,,,,,,N,3,0,1,1,A,-,08,22107,,N,E,I,A,A,H,-,D,D,0,,,,,Y,,D,22,0,1,0,0,0,0,0,0,0,"- ","- ",38.075649261474609,-122.79711151123047,MARIN,UNINCORPORATED,-122.79753875732422,38.075393676757812
91594017,2021,2021-10-12,9350,2021-10-02,0030,022623,,6,3,9,2100,0,1,2,,2,070,"US-101 S/B TO LUCAS VALLEY ROAD","LUCAS VALLEY ROAD",198.00,S,N,A,-,Y,,,101,,,,R,,S,Y,3,0,1,1,A,-,01,23152,A,N,E,I,A,A,H,-,D,D,0,,,,,Y,Y,A,01,0,1,0,0,0,0,0,0,0,"- ","- ",38.020999908447266,-122.54016876220703,MARIN,UNINCORPORATED,-122.54016876220703,38.020999908447266
91601265,2021,2021-11-16,9350,2021-10-17,0100,022614,,7,3,9,2100,0,1,2,,1,030,"US-101 SOUTHBOUND","SPENCER AVENUE U/C",1808.00,N,N,A,-,Y,,,,,,,,,,Y,2,0,3,2,A,-,01,23152,A,N,A,C,A,A,H,-,C,D,0,,,,,Y,Y,A,01,3,0,0,0,0,0,0,0,0,"- ","- ",37.856658935546875,-122.49606323242188,MARIN,UNINCORPORATED,-122.49371337890625,37.855339050292969
91602430,2021,2021-10-21,9350,2021-10-13,1424,022623,,3,2,5,2109,0,1,2,,1,060,"US-101 N/B TO 2ND STREET","2ND STREET",1100.00,S,N,A,-,Y,,,101,,,,R,,N,Y,4,0,1,5,A,-,03,22350,,N,C,C,A,A,H,-,A,D,0,,,,,Y,,A,01,0,0,1,0,0,0,0,0,0,"- ","- ",37.968009948730469,-122.51927185058594,MARIN,"SAN RAFAEL",-122.51927185058594,37.968009948730469
91602465,2021,2021-10-21,9350,2021-10-15,0830,021586,,5,1,4,2106,0,1,3,,2,037,"SR-37 W/B TO US-101 N/B","MARSH DR",325.00,W,N,A,-,Y,,,37,,,,R,,W,Y,3,0,1,1,A,-,03,22350,,N,F,A,A,A,H,-,A,D,0,,,Y,,Y,,C,02,0,1,0,0,0,0,0,0,1,"- ","- ",38.081340789794922,-122.54534149169922,MARIN,NOVATO,-122.54534149169922,38.081340789794922
91603671,2021,2021-10-22,9350,2021-10-21,0757,019086,,4,1,9,2100,0,1,3,,2,237,"SR-37 W/B","SONOMA/SOLANO COUNTY LINE",500.00,W,N,B,C,Y,,,,,,,,,,N,4,0,1,2,A,-,03,22350,,N,C,C,A,B,H,-,A,D,0,,,,,Y,,D,22,0,0,1,0,0,0,0,0,0,"- ","- ",38.155830383300781,-122.40875244140625,MARIN,UNINCORPORATED,,
91606358,2021,2021-10-26,9350,2021-10-20,0816,016034,,3,1,5,2109,0,1,2,,1,060,"US 101 N/B","MERRYDALE ROAD OVERCROSSING",35.00,S,N,B,C,Y,,,,,,,,,,N,4,0,1,2,A,-,03,22350,,N,C,C,A,B,H,-,A,D,0,,,,,Y,,A,01,0,0,1,0,0,0,0,0,0,"- ","- ",38.003551483154297,-122.53883361816406,MARIN,"SAN RAFAEL",-122.53896331787109,38.0035400390625
91607446,2021,2022-01-04,9350,2021-10-24,1200,021586,,7,1,9,2100,0,1,1,,1,015,"I-580 E/B","MAIN ST",9504.00,E,N,C,G,Y,,,580,,,,,,E,Y,3,0,2,2,C,-,18,,,N,F,C,A,B,H,-,A,D,0,,,,Y,Y,,-,"- ",0,2,0,0,0,0,0,0,0,"- ","- ",37.935520172119141,-122.44902038574219,MARIN,UNINCORPORATED,-122.44903564453125,37.935428619384766
91607597,2021,2021-10-27,9350,2021-10-21,1730,017978,,4,2,4,2106,0,1,2,,2,070,"US101 S/B","NAVE DRIVE OVERCROSSING",814.00,S,N,B,-,Y,,,101,,,,,,S,Y,4,0,1,1,A,-,03,22350,,N,D,I,A,B,H,-,A,A,0,,,,,Y,,D,22,0,0,1,0,0,0,0,0,0,"- ","- ",38.046329498291016,-122.53376007080078,MARIN,NOVATO,-122.53366851806641,38.046268463134766
91609105,2021,2021-10-28,9350,2021-10-21,0605,016533,,4,1,5,2109,0,1,2,,1,080,"US-101 SB TO LUCAS VALLEY ROAD","LUCAS VALLEY ROAD UNDERCROSSING",200.00,S,N,B,C,Y,,,101,,,,R,,S,Y,4,0,3,1,A,-,03,22350,,N,E,I,A,B,H,-,C,D,0,,,,,Y,,A,01,0,0,3,0,0,0,0,0,0,"- ","- ",38.020709991455078,-122.54002380371094,MARIN,"SAN RAFAEL",-122.54002380371094,38.020709991455078
91610851,2021,2021-10-29,9350,2021-10-23,1935,022578,,6,2,5,2109,0,1,2,,1,060,"US-101 N/B","HAMMONDALE COURT U/C",215.00,S,N,B,C,Y,,,101,,,,,,N,N,4,0,1,1,A,-,03,22350,,N,E,I,A,B,H,-,D,D,0,,,,,Y,,A,07,0,0,1,0,0,0,0,0,0,"- ","- ",37.987800598144531,-122.52654266357422,MARIN,"SAN RAFAEL",-122.52646636962891,37.987873077392578
91610934,2021,2021-11-10,9350,2021-10-21,1333,021418,,4,1,9,2100,0,1,2,,1,060,"US-101 N/B","MANUEL T. FREITAS PARKWAY O/C",407.00,S,N,A,-,Y,,,,,,,,,,N,4,0,1,3,A,-,03,22350,,N,C,C,A,B,H,-,A,D,0,,,,,Y,,A,01,0,0,1,0,0,0,0,0,0,"- ","- ",38.005958557128906,-122.54080200195312,MARIN,UNINCORPORATED,-122.54119110107422,38.006721496582031
91613308,2021,2021-11-02,9350,2021-10-24,2337,022432,,7,3,9,2100,0,1,S,,2,403,"US-101 N/B","ATHERTON AVENUE",3696.00,N,N,C,-,Y,,,101,,,,,,N,Y,4,0,1,1,A,-,03,22350,,N,E,I,A,B,H,-,C,D,0,,,,,Y,Y,A,01,0,0,1,0,0,0,0,0,0,"- ","- ",38.128009796142578,-122.56497955322266,MARIN,UNINCORPORATED,-122.56484222412109,38.127944946289062
91616011,2021,2021-11-04,9350,2021-10-31,1515,022411,,7,2,9,2100,0,2,4,,2,026,"NOVATO BLVD","PT. REYES-PETALUMA ROAD",13728.00,E,N,B,-,N,,,,,,,,,,Y,3,0,1,1,A,-,08,22107,,N,F,A,A,D,H,-,A,D,0,,,Y,,Y,,C,02,0,1,0,0,0,0,0,0,1,"- ","- ",38.119758605957031,-122.66716766357422,MARIN,UNINCORPORATED,-122.66902923583984,38.121173858642578
91616450,2021,2021-11-04,9350,2021-10-28,1610,022633,,4,2,9,2100,0,1,3,,1,012,SR-1,"LORING AVE.",0.00,,Y,A,-,Y,,,1,,,,,,,N,4,0,1,2,A,-,09,21802,A,N,A,C,A,A,H,-,A,D,0,,,,,Y,,A,07,0,0,1,0,0,0,0,0,0,"- ","- ",37.886180877685547,-122.53737640380859,MARIN,UNINCORPORATED,-122.53745269775391,37.886165618896484
91616454,2021,2021-11-04,9350,2021-11-01,1515,019150,,1,2,9,2100,0,3,5,,2,007,"OLIVE AVE","CLUB DR",253.00,E,N,B,C,N,,,,,,,,,,Y,3,0,1,1,A,-,08,22107,,N,F,A,A,B,H,-,A,D,0,,,,,Y,,D,22,0,1,0,0,0,0,0,0,0,"- ","- ",38.106281280517578,-122.537841796875,MARIN,UNINCORPORATED,-122.53788757324219,38.10626220703125
91616520,2021,2021-11-04,9350,2021-11-01,1700,022623,,1,2,9,2100,0,1,2,,2,050,"US-101 N/B","I-580 O/C",900.00,S,N,B,C,Y,,,101,,,,,,N,N,3,0,1,3,A,-,03,22350,,N,C,C,A,B,H,-,A,D,0,,,,,Y,,D,22,0,1,0,0,0,0,0,0,0,"- ","- ",37.959358215332031,-122.50917053222656,MARIN,UNINCORPORATED,-122.50922393798828,37.9593505859375
91617273,2021,2021-11-05,9350,2021-11-03,0700,016533,,3,1,9,2100,0,1,2,,1,080,"US-101 S/B","SAN ANTONIO ROAD OVER CROSSING",1500.00,S,N,B,E,Y,,,101,,,,,,S,Y,3,0,1,2,A,-,03,22350,,N,C,C,A,A,H,-,B,D,0,,,,,Y,,A,01,0,1,0,0,0,0,0,0,0,"- ","- ",38.160770416259766,-122.57221984863281,MARIN,UNINCORPORATED,-122.57223510742188,38.160751342773438
91617639,2021,2021-11-05,9350,2021-10-28,0705,017729,,4,1,4,2106,0,1,2,,1,080,"US-101 S/B","REDWOOD LANDFILL OVERCROSSING",400.00,S,N,E,-,Y,,,,,,,,,,N,4,0,1,2,A,-,03,22350,,N,C,C,A,B,H,-,A,D,0,,,,,Y,,D,22,0,0,1,0,0,0,0,0,0,"- ","- ",38.161991119384766,-122.57391357421875,MARIN,NOVATO,-122.54206848144531,38.075660705566406
91617654,2021,2021-11-05,9350,2021-10-28,1103,021075,,4,1,3,2105,0,1,2,,2,040,"US-101 S/B","REDWOOD HIGHWAY FRONTAGE ROAD",1056.00,N,N,A,-,Y,,,101,,,,,,S,Y,3,0,3,3,A,-,03,22350,,N,C,C,A,A,H,-,A,D,0,,,,,Y,,A,07,0,2,1,0,0,0,0,0,0,"- ","- ",37.889030456542969,-122.51687622070312,MARIN,"MILL VALLEY",-122.51688385009766,37.889030456542969
91617658,2021,2021-11-05,9350,2021-11-03,0900,017729,,3,1,3,2105,0,1,2,,2,040,"US-101 N/B","STRAWBERRY PEDESTRIAN OVERCROSSING",1584.00,N,N,A,-,Y,,,101,,,,,,N,Y,4,0,1,2,A,-,03,22350,,N,C,C,A,A,C,-,A,D,0,,,,,Y,,A,01,0,0,1,0,0,0,0,0,0,"- ","- ",37.8939208984375,-122.51619720458984,MARIN,"MILL VALLEY",-122.51628875732422,37.893924713134766
91620128,2021,2021-11-09,9350,2021-10-31,2104,022614,,7,2,5,2109,0,1,2,,2,070,"US-101 N/B","MILLER CREEK ROAD OVERCROSSING",1848.00,S,N,A,-,Y,,,,,,,,,,N,3,0,1,1,A,-,01,23152,A,M,E,I,A,A,H,-,C,D,0,,,,,Y,Y,A,01,0,1,0,0,0,0,0,0,0,"- ","- ",38.0281982421875,-122.53751373291016,MARIN,"SAN RAFAEL",-122.53758239746094,38.028491973876953
91620277,2021,2021-11-09,9350,2021-10-29,1358,022532,,5,1,2,2102,0,1,2,,2,050,"US-101 N/B","WORNUM DR UNDERCROSSING",900.00,S,N,A,-,Y,,,101,,,,,,N,N,4,0,1,4,A,-,21,22106,,N,B,C,A,A,H,-,A,D,0,,,,Y,Y,,G,25,0,0,1,0,0,0,0,0,0,"- ","- ",37.932991027832031,-122.51618194580078,MARIN,"CORTE MADERA",-122.51615142822266,37.932994842529297
91621721,2021,2021-11-10,9350,2021-11-08,2057,022614,,1,2,5,2109,0,1,2,,1,060,"US-101 N/B","SECOND ST U/C",50.00,S,N,C,-,Y,,,101,,,,,,N,Y,3,0,1,1,A,-,01,23152,F,N,E,I,A,B,H,-,C,D,0,,,,,Y,,A,01,0,1,0,0,0,0,0,0,0,"- ","- ",37.970310211181641,-122.52174377441406,MARIN,"SAN RAFAEL",-122.52169799804688,37.970317840576172
91622996,2021,2021-11-12,9350,2021-11-01,1410,022556,,1,2,5,2109,0,1,2,,1,060,"US-101 N/B","N. SAN PEDRO ROAD",2640.00,S,N,C,-,Y,,,101,,,,,,N,N,4,0,1,3,A,-,03,22350,,N,E,8,A,B,H,-,A,D,0,,,,,Y,,A,07,0,0,1,0,0,0,0,0,0,"- ","- ",37.987548828125,-122.52601623535156,MARIN,"SAN RAFAEL",-122.52608489990234,37.98748779296875
91623980,2021,2021-11-15,9350,2021-11-03,2234,022577,,3,3,5,2109,0,1,2,,1,060,"US-101 NORTHBOUND TO NORTH SAN PEDRO ROAD","EAST ROADWAY EDGELINE OF US-101 NORTHBOUND",145.00,E,N,A,-,Y,,,101,,,,R,,N,Y,3,0,1,1,A,-,03,22350,,N,E,I,A,A,H,-,D,D,0,,,,,Y,Y,A,07,0,1,0,0,0,0,0,0,0,"- ","- ",37.995071411132812,-122.53199005126953,MARIN,"SAN RAFAEL",-122.53199005126953,37.995071411132812
91628125,2021,2021-11-18,9350,2021-11-12,0100,022107,,5,3,3,2105,0,1,2,,2,050,"US-101 N/B","TIBURON BOULEVARD O/C",1584.00,N,N,A,-,Y,,,101,,,,,,N,Y,4,0,1,1,A,-,03,22350,,N,E,I,A,A,H,-,C,D,0,,,,,Y,,A,07,0,0,1,0,0,0,0,0,0,"- ","- ",37.907611846923828,-122.51432800292969,MARIN,"MILL VALLEY",-122.51443481445312,37.907657623291016
91628222,2021,2021-11-18,9350,2021-11-17,1005,022606,,3,1,9,2100,0,1,2,,2,070,"US-101 S/B TO LUCAS VALLEY RD","LUCAS VALLEY RD. U/C",185.00,S,N,A,-,Y,,,101,,,,R,,S,Y,4,0,1,1,A,-,08,22107,,N,E,I,A,A,H,-,A,D,0,,,,,Y,,A,01,0,0,1,0,0,0,0,0,0,"- ","- ",38.020908355712891,-122.53987121582031,MARIN,UNINCORPORATED,-122.53987121582031,38.020908355712891
91628432,2021,2021-11-18,9350,2021-11-12,1530,022643,,5,2,9,2100,0,3,5,,2,006,"MARINWOOD AVENUE","GRANDE PASEO",235.00,S,N,A,-,N,,,,,,,,,,Y,3,0,1,1,A,-,01,23152,A,N,E,I,A,A,H,-,A,D,0,,,,,Y,Y,A,01,0,1,0,0,0,0,0,0,0,"- ","- ",38.031021118164062,-122.53829956054688,MARIN,UNINCORPORATED,-122.53924560546875,38.032196044921875
91630645,2021,2021-11-19,9350,2021-10-24,1251,022411,,7,1,9,2100,0,1,2,,1,080,"US-101 N/B","ATHERTON AVE.",4488.00,N,N,C,-,Y,,,101,,,,,,N,Y,3,0,1,3,A,-,03,22350,,N,B,E,A,B,H,-,A,D,0,,,,,Y,,A,07,0,1,0,0,0,0,0,0,0,"- ","- ",38.130001068115234,-122.56385803222656,MARIN,UNINCORPORATED,-122.56397247314453,38.130035400390625
91633029,2021,2021-11-23,9350,2021-11-15,0416,022395,,1,3,9,2100,0,1,2,,1,080,"US-101 N/B","ATHERTON OVERCROSSING",4594.00,N,N,A,-,Y,,,101,,,,,,N,Y,3,0,1,1,A,-,08,22107,,N,E,8,A,A,H,-,C,D,0,,,,,Y,,A,01,0,1,0,0,0,0,0,0,0,"- ","- ",38.129619598388672,-122.56381988525391,MARIN,UNINCORPORATED,-122.56407165527344,38.129711151123047
91633058,2021,2021-11-23,9350,2021-11-17,0845,016533,,3,1,9,2100,0,1,3,,2,037,"POINT REYES PETALUMA ROAD","SAN ANTONIO ROAD",11088.00,W,N,A,-,N,,,,,,,,,,Y,3,0,1,1,A,-,08,22107,,N,E,I,A,A,H,-,A,D,0,,,,Y,Y,,F,26,0,1,0,0,0,0,0,0,0,"- ","- ",38.164649963378906,-122.67926025390625,MARIN,UNINCORPORATED,,
91634011,2021,2021-11-24,9350,2021-11-13,1200,022577,,6,1,9,2100,0,2,4,,1,044,"SIR FRANCIS DRAKE BLVD","NICASIO VALLEY RD",0.00,,Y,A,-,N,,,,,,,,,,Y,3,0,1,2,A,-,09,21801,A,N,D,C,A,A,H,-,A,D,0,,,,,Y,,A,01,0,1,0,0,0,0,0,0,0,"- ","- ",38.014450073242188,-122.66374969482422,MARIN,UNINCORPORATED,-122.66373443603516,38.014488220214844
91634055,2021,2021-11-24,9350,2021-11-19,0120,021488,,5,3,4,2106,0,1,2,,1,080,"US-101 S/B","DE LONG AVENUE OVERCROSSING",594.00,S,N,A,-,Y,,,101,,,,,,S,Y,3,0,1,2,A,-,08,22107,,N,E,I,A,D,H,-,C,D,0,,,,Y,Y,,G,25,0,1,0,0,0,0,0,0,0,"- ","- ",38.103321075439453,-122.56179046630859,MARIN,NOVATO,-122.56188201904297,38.103302001953125
91634516,2021,2021-11-24,9350,2021-11-19,1740,022411,,5,2,5,2109,0,1,2,,1,060,"US-101 S/B","SECOND ST.",2112.00,S,N,C,-,Y,,,101,,,,,,S,Y,4,0,1,3,A,-,03,22350,,N,C,C,A,B,H,-,D,D,0,,,,,Y,,A,01,0,0,1,0,0,0,0,0,0,"- ","- ",37.965950012207031,-122.51644897460938,MARIN,"SAN RAFAEL",-122.51641845703125,37.965999603271484
91635917,2021,2021-11-29,9350,2021-11-14,1946,022433,,7,2,4,2106,0,1,2,,2,070,"US-101 N/B","SR-37 OVERCROSSING",780.00,S,N,A,-,Y,,,101,,,,,,N,Y,2,0,2,2,A,-,01,23152,A,N,E,I,A,A,H,-,C,D,0,,,,,Y,Y,A,01,1,1,0,0,0,0,0,0,0,"- ","- ",38.075939178466797,-122.54209899902344,MARIN,NOVATO,-122.54209136962891,38.075942993164062
91636426,2021,2021-11-29,9350,2021-11-21,0351,022432,,7,3,2,2110,0,1,2,,1,030,"US-101 N/B","SPENCER AVENUE",528.00,N,N,A,-,Y,,,101,,,,,,N,Y,3,0,2,1,A,-,01,23152,A,N,E,I,A,A,H,-,C,D,0,,,,,Y,Y,A,01,0,2,0,0,0,0,0,0,0,"- ","- ",37.854801177978516,-122.4935302734375,MARIN,SAUSALITO,-122.49343872070312,37.854846954345703
91637936,2021,2021-11-30,9350,2021-11-22,1545,022614,,1,2,3,2104,0,1,2,,2,050,"US-101 N/B","SIR FRANCIS DRAKE BLVD U/C",100.00,N,N,A,-,Y,,,101,,,,,,N,Y,3,0,1,2,A,-,03,22350,,N,C,C,A,A,H,-,A,D,0,,,,,Y,,D,22,0,1,0,0,0,0,0,0,0,"- ","- ",37.944869995117188,-122.5147705078125,MARIN,LARKSPUR,-122.51470947265625,37.944843292236328
91639325,2021,2021-12-01,9350,2021-11-18,2240,021686,,4,3,5,2109,0,1,2,,1,060,"US-101 NORTHBOUND","MANUEL T FREITAS PARKWAY",500.00,S,N,A,-,Y,,,101,,,,,,N,Y,4,0,1,2,A,-,07,21658,A,N,C,C,A,A,H,-,D,D,0,,,,,Y,,A,01,0,0,1,0,0,0,0,0,0,"- ","- ",38.005771636962891,-122.54052734375,MARIN,"SAN RAFAEL",-122.54056549072266,38.005741119384766
91639974,2021,2021-12-01,9350,2021-11-29,1930,022633,,1,2,5,2109,0,1,1,,1,015,"I-580 E/B","SIR FRANCIS DRAKE OVERPASS",528.00,W,N,A,-,Y,,,580,,,,,,E,Y,4,0,1,2,A,-,03,22350,,N,C,C,A,A,H,-,C,D,0,,,,,Y,,A,01,0,0,1,0,0,0,0,0,0,"- ","- ",37.947708129882812,-122.49260711669922,MARIN,"SAN RAFAEL",-122.49259948730469,37.947719573974609
91641009,2021,2021-12-02,9350,2021-11-23,1400,021696,,2,2,9,2100,0,1,1,,1,015,"I-580 E/B","MAIN ST",2640.00,E,N,A,-,Y,,,580,,,,,,E,N,4,0,1,2,A,-,03,22350,,N,C,C,A,A,H,-,A,D,0,,,,,Y,,A,08,0,0,1,0,0,0,0,0,0,"- ","- ",37.941471099853516,-122.47205352783203,MARIN,UNINCORPORATED,-122.47206115722656,37.941425323486328
91642579,2021,2021-12-03,9350,2021-12-01,1820,022643,,3,2,9,2100,0,1,2,,2,040,"US-101 N/B",SR-131,20.00,S,N,A,-,Y,,,101,,,,,,N,N,4,0,1,3,A,-,03,22350,,N,C,C,A,A,H,-,C,D,0,,,,,Y,,A,01,0,0,1,0,0,0,0,0,0,"- ","- ",37.90264892578125,-122.51557922363281,MARIN,UNINCORPORATED,-122.51560974121094,37.902652740478516
91643995,2021,2021-12-06,9360,2021-11-21,1110,019083,,7,1,9,2100,0,1,3,,1,071,SR-1,"VALLEY FORD ROAD",2112.00,S,N,A,-,Y,,,,,,,,,,Y,3,0,1,1,A,-,03,22350,,N,E,J,A,A,H,-,A,D,0,,,,,Y,,A,01,0,1,0,0,0,0,0,0,0,"- ","- ",38.267631530761719,-122.89553070068359,MARIN,UNINCORPORATED,-122.89756774902344,38.310703277587891
91644926,2021,2021-12-07,9350,2021-11-23,1025,022656,,2,1,5,2109,0,1,2,,2,050,"US-101 NORTHBOUND","I-580 E/B OVER CROSSING",1874.00,S,N,A,-,Y,,,101,,,,,,N,Y,4,0,1,3,A,-,03,22350,,M,C,C,A,A,H,-,A,D,0,,,,,Y,,A,01,0,0,1,0,0,0,0,0,0,"- ","- ",37.95703125,-122.50875854492188,MARIN,"SAN RAFAEL",-122.5087890625,37.957023620605469
91646183,2021,2021-12-08,9350,2021-12-03,1600,022411,,5,2,5,2109,0,1,2,,1,060,"US-101 N/B","SECOND ST. U/C",1680.00,S,N,A,-,Y,,,101,,,,,,N,N,4,0,1,3,A,-,03,22350,,N,C,C,A,A,H,-,A,D,0,,,,,Y,,A,01,0,0,1,0,0,0,0,0,0,"- ","- ",37.967098236083984,-122.51772308349609,MARIN,"SAN RAFAEL",-122.51772308349609,37.96710205078125
91646303,2021,2021-12-08,9350,2021-12-04,1305,021586,,6,1,5,2109,0,1,2,,2,050,"US-101 NB","RT 580",1056.00,S,N,A,-,Y,,,101,,,,,,N,Y,4,0,1,2,A,-,03,22350,,N,C,C,A,A,H,-,A,D,0,,,,,Y,,A,01,0,0,1,0,0,0,0,0,0,"- ","- ",37.959259033203125,-122.50911712646484,MARIN,"SAN RAFAEL",-122.50920867919922,37.959243774414062
91646923,2021,2021-12-08,9350,2021-11-29,1725,017978,,1,2,3,2105,0,1,2,,2,040,"US101 N/B","E. BLITHEDALE AVENUE OVERCROSSING",1291.00,S,N,A,-,Y,,,101,,,,,,N,N,4,0,1,2,A,-,21,22106,,N,C,C,A,A,H,-,D,D,0,,,,,Y,,A,08,0,0,1,0,0,0,0,0,0,"- ","- ",37.899200439453125,-122.51582336425781,MARIN,"MILL VALLEY",-122.515869140625,37.899204254150391