CASE_ID,ACCIDENT_YEAR,PROC_DATE,JURIS,COLLISION_DATE,COLLISION_TIME,OFFICER_ID,REPORTING_DISTRICT,DAY_OF_WEEK,CHP_SHIFT,POPULATION,CNTY_CITY_LOC,SPECIAL_COND,BEAT_TYPE,CHP_BEAT_TYPE,CITY_DIVISION_LAPD,CHP_BEAT_CLASS,BEAT_NUMBER,PRIMARY_RD,SECONDARY_RD,DISTANCE,DIRECTION,INTERSECTION,WEATHER_1,WEATHER_2,STATE_HWY_IND,CALTRANS_COUNTY,CALTRANS_DISTRICT,STATE_ROUTE,ROUTE_SUFFIX,POSTMILE_PREFIX,POSTMILE,LOCATION_TYPE,RAMP_INTERSECTION,SIDE_OF_HWY,TOW_AWAY,COLLISION_SEVERITY,NUMBER_KILLED,NUMBER_INJURED,PARTY_COUNT,PRIMARY_COLL_FACTOR,PCF_CODE_OF_VIOL,PCF_VIOL_CATEGORY,PCF_VIOLATION,PCF_VIOL_SUBSECTION,HIT_AND_RUN,TYPE_OF_COLLISION,MVIW,PED_ACTION,ROAD_SURFACE,ROAD_COND_1,ROAD_COND_2,LIGHTING,CONTROL_DEVICE,CHP_ROAD_TYPE,PEDESTRIAN_ACCIDENT,BICYCLE_ACCIDENT,MOTORCYCLE_ACCIDENT,TRUCK_ACCIDENT,NOT_PRIVATE_PROPERTY,ALCOHOL_INVOLVED,STWD_VEHTYPE_AT_FAULT,CHP_VEHTYPE_AT_FAULT,COUNT_SEVERE_INJ,COUNT_VISIBLE_INJ,COUNT_COMPLAINT_PAIN,COUNT_PED_KILLED,COUNT_PED_INJURED,COUNT_BICYCLIST_KILLED,COUNT_BICYCLIST_INJURED,COUNT_MC_KILLED,COUNT_MC_INJURED,PRIMARY_RAMP,SECONDARY_RAMP,LATITUDE,LONGITUDE,COUNTY,CITY,POINT_X,POINT_Y
91648024,2021,2021-12-09,9350,2021-12-08,1750,022633,,3,2,2,2102,0,1,2,,2,050,"US 101 NB","TAMALPAIS DR.",2640.00,N,N,A,-,Y,,,,,,,,,,Y,4,0,1,2,A,-,03,22350,,N,C,C,A,A,H,-,C,D,0,,,,,Y,,D,22,0,0,1,0,0,0,0,0,0,"- ","- ",37.928390502929688,-122.51534271240234,MARIN,"CORTE MADERA",-122.51617431640625,37.933113098144531
91649100,2021,2021-12-10,9350,2021-12-03,1257,022623,,5,1,9,2100,0,1,2,,2,020,"PANORAMIC HWY",SR-1,6336.00,E,N,A,-,N,,,,,,,,,,N,3,0,2,2,A,-,05,21460,A,N,B,C,A,A,H,-,A,D,0,,,,,Y,,D,22,0,1,1,0,0,0,0,0,0,"- ","- ",37.892520904541016,-122.62534332275391,MARIN,UNINCORPORATED,-122.62589263916016,37.8931884765625
91652604,2021,2021-12-15,9350,2021-12-01,0500,013918,,3,3,9,2100,0,2,4,,1,044,"SIR FRANCIS DRKE BOULEVARD","PARK ROAD",0.00,,Y,A,-,N,,,,,,,,,,Y,3,0,1,1,A,-,08,22107,,N,E,I,A,A,H,-,D,D,0,,,,,Y,,A,01,0,1,0,0,0,0,0,0,0,"- ","- ",38.007949829101562,-122.70539855957031,MARIN,UNINCORPORATED,-122.70522308349609,38.007999420166016
91653360,2021,2021-12-15,9350,2021-12-11,1100,021075,,6,1,9,2100,0,1,3,,1,052,SR-1,"CLARK RD",290.00,N,N,B,-,Y,,,1,,,,,,,Y,3,0,1,2,A,-,09,21804,A,N,A,C,A,A,H,-,A,D,0,,,Y,,Y,,A,07,0,1,0,0,0,0,0,0,1,"- ","- ",38.184539794921875,-122.91146850585938,MARIN,UNINCORPORATED,-122.91149139404297,38.184528350830078
91657613,2021,2021-12-21,9350,2021-12-17,1425,022633,,5,2,9,2100,0,1,3,,1,042,"SR-1 S/B","FAIRFAX BOLINAS RD.",2110.00,S,N,B,-,Y,,,1,,,,,,S,N,4,0,1,1,A,-,03,22350,,N,F,A,A,B,H,-,A,D,0,,,Y,,Y,,C,02,0,0,1,0,0,0,0,0,1,"- ","- ",37.932621002197266,-122.69055938720703,MARIN,UNINCORPORATED,-122.69055938720703,37.932624816894531
91658711,2021,2021-12-22,9350,2021-12-10,1256,016034,,5,1,5,2109,0,1,2,,1,060,"US 101 N/B","MERRYDALE ROAD OVERCROSSING",1056.00,S,N,A,-,Y,,,,,,,,,,Y,4,0,1,4,A,-,07,21658,A,N,B,C,A,A,H,-,A,D,0,,,,,Y,,A,01,0,0,1,0,0,0,0,0,0,"- ","- ",38.000759124755859,-122.53675079345703,MARIN,"SAN RAFAEL",-122.53896331787109,38.0035400390625
91663173,2021,2021-12-28,9350,2021-12-19,0420,022574,,7,3,9,2100,0,2,4,,1,016,"LUCAS VALLEY RD.","SKYWALKER RANCH RD.",2095.00,W,N,A,-,Y,,,,,,,,,,Y,4,0,1,1,A,-,08,22107,,N,E,J,A,A,H,-,D,D,0,,,,,Y,,A,01,0,0,1,0,0,0,0,0,0,"- ","- ",38.056110382080078,-122.66303253173828,MARIN,UNINCORPORATED,,
91663334,2021,2021-12-28,9350,2021-12-18,1210,022656,,6,1,4,2106,0,1,3,,2,237,"SR-37 W/B",SR-121,5280.00,E,N,A,-,Y,,,,,,,,,,N,4,0,1,3,A,-,03,22350,,N,C,C,A,A,H,-,A,D,0,,,,,Y,,A,01,0,0,1,0,0,0,0,0,0,"- ","- ",38.153968811035156,-122.4315185546875,MARIN,NOVATO,,
91663837,2021,2021-12-28,9350,2021-12-16,1820,020979,,4,2,5,2109,0,1,2,,2,050,"US-101 N/B","RT 580",1216.00,S,N,A,-,Y,,,101,,,,,,N,Y,3,0,1,2,A,-,02,22400,A,N,C,C,A,A,H,-,D,D,0,,,,,Y,Y,A,01,0,1,0,0,0,0,0,0,0,"- ","- ",37.958728790283203,-122.509033203125,MARIN,"SAN RAFAEL",-122.50910949707031,37.958713531494141
91665298,2021,2021-12-29,9350,2021-12-22,1705,020979,,3,2,3,2104,0,1,2,,2,050,"US-101 N/B","SIR FRANCIS DRAKE BOULEVARD U/C",1779.00,N,N,B,C,Y,,,101,,,,,,N,Y,3,0,3,3,A,-,03,22350,,N,C,C,A,B,H,-,D,D,0,,,,,Y,,A,07,0,1,2,0,0,0,0,0,0,"- ","- ",37.949489593505859,-122.51201629638672,MARIN,LARKSPUR,-122.51198577880859,37.949470520019531
91666655,2021,2021-12-30,9350,2021-12-19,1705,022643,,7,2,9,2100,0,2,4,,2,024,"SIR FRANCIS DRAKE BLVD","LA CUESTA DR",400.00,E,N,B,-,N,,,,,,,,,,N,4,0,1,2,A,-,03,22350,,M,C,C,A,A,H,-,C,A,0,,,,,Y,,A,01,0,0,1,0,0,0,0,0,0,"- ","- ",37.947071075439453,-122.52388000488281,MARIN,UNINCORPORATED,-122.52404022216797,37.947158813476562
91667343,2021,2021-12-31,9350,2021-12-27,1820,019150,,1,2,9,2100,0,1,2,,2,070,"US-101 S/B","LUCAS VALLEY RD",1056.00,N,N,B,-,Y,,,101,,,,,,S,N,4,0,2,2,A,-,07,21658,A,N,B,C,A,B,H,-,C,D,0,,,,,Y,,A,01,0,0,2,0,0,0,0,0,0,"- ","- ",38.023891448974609,-122.53861236572266,MARIN,UNINCORPORATED,-122.53865051269531,38.023899078369141
91669655,2021,2022-01-04,9350,2021-12-22,1400,021418,,3,2,4,2106,0,1,2,,2,070,"US-101 N/B","SR-37 O/C",2069.00,S,N,C,-,Y,,,101,,,,,,N,N,3,0,1,3,A,-,03,22350,,N,E,I,A,B,H,-,A,D,0,,,,,Y,,D,22,0,1,0,0,0,0,0,0,0,"- ","- ",38.072669982910156,-122.54041290283203,MARIN,NOVATO,-122.54029083251953,38.072734832763672
91670392,2021,2022-01-04,9350,2021-12-22,1709,022108,,3,2,4,2106,0,1,2,,1,080,"US-101 N/B","RUSH LANDING ROAD",82.00,N,N,C,-,Y,,,101,,,,,,N,N,4,0,1,2,A,-,03,22350,,M,C,C,A,B,H,-,A,D,0,,,,,Y,,D,22,0,0,1,0,0,0,0,0,0,"- ","- ",38.122821807861328,-122.56578063964844,MARIN,NOVATO,-122.56577301025391,38.122821807861328
91670819,2021,2022-01-05,9350,2021-12-19,1715,022634,,7,2,9,2100,0,1,2,,2,040,"US-101 S/B","N. BRIDGE BLVD U/C",1535.00,N,N,A,-,Y,,,101,,,,,,S,Y,3,0,2,3,A,-,08,22107,,M,C,C,A,A,H,-,D,D,0,,Y,,,Y,,L,04,0,1,1,0,0,0,0,0,0,"- ","- ",37.875251770019531,-122.51004791259766,MARIN,UNINCORPORATED,-122.51000213623047,37.875308990478516
91670844,2021,2022-01-05,9350,2021-12-22,1540,021418,,3,2,5,2109,0,1,2,,1,060,"US-101 N/B","NORTH SAN PEDRO ROAD U/C",477.00,N,N,C,-,Y,,,101,,,,,,N,N,4,0,1,3,A,-,03,22350,,N,C,C,A,B,H,-,A,D,0,,,,,Y,,A,07,0,0,1,0,0,0,0,0,0,"- ","- ",37.995441436767578,-122.53311157226562,MARIN,"SAN RAFAEL",-122.53303527832031,37.995494842529297
91670862,2021,2022-01-05,9350,2021-12-23,1250,016034,,4,1,5,2109,0,1,1,,1,015,"I-580 W/B","SIR FRANCIS DRAKE BOULEVARD OVERCROSSING",323.00,E,N,B,-,Y,,,580,,,,,,W,N,2,0,2,1,A,-,03,22350,,N,E,8,A,B,H,-,A,D,0,,,,,Y,,A,01,2,0,0,0,0,0,0,0,0,"- ","- ",37.945388793945312,-122.48951721191406,MARIN,"SAN RAFAEL",-122.48949432373047,37.945442199707031
91874685,2021,2022-09-27,9350,2021-07-28,0150,021668,,3,3,4,2106,0,1,2,,2,070,"US-101 N/B TO NAVE DRIVE","IGNACIO BOULEVARD",28.00,S,N,A,-,Y,,,101,,,,R,,N,Y,1,1,0,1,A,-,08,22107,,F,E,I,A,A,H,-,C,D,0,,,,,Y,,A,01,0,0,0,0,0,0,0,0,0,"- ","- ",38.064891815185547,-122.53540802001953,MARIN,NOVATO,-122.53540802001953,38.064891815185547
9215497,2021,2021-03-11,2109,2021-01-08,1813,641,15,5,5,5,2109,0,0,0,,0,002,"LINCOLN AV","MISSION AV",0.00,,Y,A,-,N,,,,,,,,,,N,3,0,1,2,A,-,11,21456,C,N,G,B,E,A,H,-,C,A,0,Y,,,,Y,,N,60,0,1,0,0,1,0,0,0,0,"- ","- ",37.974300384521484,-122.52340698242188,MARIN,"SAN RAFAEL",-122.52340698242188,37.97430419921875
9216164,2021,2021-03-22,2109,2021-01-17,1448,648,,7,5,5,2109,0,0,0,,0,003,"DU BOIS ST","IRWIN ST",0.00,,Y,A,-,N,,,,,,,,,,Y,4,0,1,1,A,-,01,23152,A,M,E,I,A,A,H,-,A,A,0,,,,,Y,Y,D,22,0,0,1,0,0,0,0,0,0,"- ","- ",37.973529815673828,-122.53108978271484,MARIN,"SAN RAFAEL",-122.52175140380859,37.967426300048828
9218226,2021,2021-03-16,2109,2021-01-24,0921,565,28,7,5,5,2109,0,0,0,,0,004,"GOLD HILL GRADE","DEER PARK AV",172.00,E,N,A,-,N,,,,,,,,,,N,3,0,1,2,D,-,00,,,N,D,G,A,A,H,-,A,D,0,,Y,,,Y,,-,"- ",0,1,0,0,0,0,1,0,0,"- ","- ",37.982410430908203,-122.50782775878906,MARIN,"SAN RAFAEL",-122.50729370117188,37.982471466064453
9218227,2021,2021-03-16,2109,2021-01-25,1719,448,29,1,5,5,2109,0,0,0,,0,004,"3RD ST","MARY ST",90.00,W,N,A,-,N,,,,,,,,,,N,4,0,1,2,A,-,08,22107,,N,B,G,A,A,H,-,B,D,0,,Y,,,Y,,A,01,0,0,1,0,0,0,1,0,0,"- ","- ",37.970809936523438,-122.51767730712891,MARIN,"SAN RAFAEL",-122.51799774169922,37.970867156982422
9220202,2021,2021-03-19,2109,2021-01-25,1455,652,15,1,5,5,2109,0,0,0,,0,002,"LINCOLN AV","MAPLE ST",78.00,S,N,A,-,N,,,,,,,,,,Y,4,0,1,1,A,-,08,22107,,N,E,I,A,A,H,-,A,D,0,,,,,Y,,A,01,0,0,1,0,0,0,0,0,0,"- ","- ",37.977260589599609,-122.52262878417969,MARIN,"SAN RAFAEL",-122.52239990234375,37.977222442626953
9220203,2021,2021-03-19,2109,2021-01-12,1720,635,41,2,5,5,2109,0,0,0,,0,003,"ANDERSEN DR","SIMMS ST",65.00,E,N,A,-,N,,,,,,,,,,N,2,0,1,2,A,-,08,22107,,N,H,G,A,A,H,-,C,D,0,,Y,,,Y,,A,01,1,0,0,0,0,0,1,0,0,"- ","- ",37.956619262695312,-122.50714874267578,MARIN,"SAN RAFAEL",-122.50766754150391,37.957435607910156
9220204,2021,2021-03-19,2109,2021-01-20,2059,637,16,3,5,5,2109,0,0,0,,0,002,"2ND ST",LINDARO,188.00,E,N,A,-,N,,,,,,,,,,N,2,0,1,2,A,-,05,21650,1,N,H,G,A,A,H,-,C,D,0,,Y,,,Y,Y,L,04,1,0,0,0,0,0,1,0,0,"- ","- ",37.97113037109375,-122.52570343017578,MARIN,"SAN RAFAEL",-122.52534484863281,37.970844268798828
9221297,2021,2021-02-08,2109,2021-01-25,0607,422,0,1,5,5,2109,0,0,0,,0,006,"NORTH SAN PEDRO RD","CIVIC CENTER DR",0.00,,Y,A,-,N,,,,,,,,,,Y,3,0,1,2,A,-,12,21453,A,N,D,C,A,A,H,-,C,A,0,,,,,Y,,A,01,0,1,0,0,0,0,0,0,0,"- ","- ",37.996700286865234,-122.52855682373047,MARIN,"SAN RAFAEL",-122.52841186523438,37.996685028076172
9221781,2021,2021-03-10,2111,2021-02-10,1740,TP7335,12000,3,5,2,2111,0,0,0,,0,TP1,"TIBURON BL","ROCK HILL RD",505.00,W,N,A,-,Y,MRN,4,131,-,-,2.630,H,-,E,Y,4,0,1,2,A,-,03,22350,,N,C,C,A,A,H,-,A,D,0,,,,,Y,,A,01,0,0,1,0,0,0,0,0,0,"- ","- ",37.532398223876953,-122.2843017578125,MARIN,TIBURON,-122.47922515869141,37.890373229980469
9221821,2021,2021-03-10,2111,2021-02-02,1301,TP7335,1201,2,5,2,2111,0,0,0,,0,TP2,"TIBURON BL","AVENIDA MIRA FLORES",208.00,W,N,A,-,Y,MRN,4,131,-,-,2.310,H,-,W,N,4,0,1,2,A,-,21,22106,,N,C,C,A,A,H,-,A,D,0,,,,,Y,,A,01,0,0,1,0,0,0,0,0,0,"- ","- ",37.533298492431641,-122.19999694824219,MARIN,TIBURON,-122.48358917236328,37.892715454101562
9223277,2021,2021-03-23,2106,2021-02-10,1703,411,N107,3,5,4,2106,0,0,0,,0,NP1,"WILSON AV","MONTE VISTA",105.00,S,N,A,-,N,,,,,,,,,,Y,3,0,1,1,A,-,01,23152,A,N,E,I,A,A,H,-,A,A,0,,,,,Y,Y,D,22,0,1,0,0,0,0,0,0,0,"- ","- ",38.110279083251953,-122.59237670898438,MARIN,NOVATO,-122.59220123291016,38.109878540039062
9225623,2021,2021-03-25,2109,2021-02-03,0841,527,58,3,5,5,2109,0,0,0,,0,005,"NORTH SAN PEDRO RD","MERRYDALE RD",0.00,,Y,A,-,N,,,,,,,,,,Y,4,0,1,2,A,-,09,21801,A,N,D,C,A,A,H,-,A,A,0,,,,,Y,,A,07,0,0,1,0,0,0,0,0,0,"- ","- ",37.993850708007812,-122.53372955322266,MARIN,"SAN RAFAEL",-122.53373718261719,37.993850708007812
9227044,2021,2021-03-23,2109,2021-02-24,0809,658,16,3,5,5,2109,0,0,0,,0,002,"2ND ST","A ST",0.00,,Y,A,-,N,,,,,,,,,,Y,4,0,1,2,A,-,12,21453,A,N,D,C,A,A,H,-,A,A,0,,,,,Y,,A,01,0,0,1,0,0,0,0,0,0,"- ","- ",37.971168518066406,-122.52852630615234,MARIN,"SAN RAFAEL",-122.52854156494141,37.971179962158203
9234625,2021,2021-03-30,2105,2021-01-07,1500,MV66240,90001,4,5,3,2105,0,0,0,,0,MV2,"SHELTER BAY AV","HAMILTON DR",352.00,S,N,A,-,N,,,,,,,,,,N,4,0,1,2,A,-,03,22350,,M,C,E,A,A,H,-,A,A,0,,,,,Y,,A,01,0,0,1,0,0,0,0,0,0,"- ","- ",,,MARIN,"MILL VALLEY",-122.51958465576172,37.892852783203125
9235551,2021,2021-04-08,2110,2021-03-02,1203,SP5267,10000,2,5,2,2110,0,0,0,,0,SP2,BRIDGEWAY,"NEVADA ST",0.00,,Y,A,-,N,,,,,,,,,,Y,4,0,1,2,A,-,12,21453,A,N,F,D,A,A,H,-,A,A,0,,,,,Y,,-,,0,0,1,0,0,0,0,0,0,"- ","- ",,,MARIN,SAUSALITO,-122.49921417236328,37.865230560302734
9237818,2021,2021-04-15,2106,2021-02-22,1550,421,N410,1,5,4,2106,0,0,0,,0,NP4,"SOUTH NOVATO BL","ROWLAND BL",568.00,S,N,A,-,N,,,,,,,,,,,4,0,1,2,A,-,03,22350,,N,C,C,A,A,H,-,A,A,0,,,,,Y,,D,22,0,0,1,0,0,0,0,0,0,"- ","- ",38.088031768798828,-122.56508636474609,MARIN,NOVATO,-122.56381225585938,38.086799621582031
9237847,2021,2021-04-07,2109,2021-03-07,1314,649,38,7,5,5,2109,0,0,0,,0,002,"WOODLAND AV","LOVELL AV",400.00,E,N,A,-,N,,,,,,,,,,Y,2,0,1,1,A,-,03,22350,,N,E,I,A,A,H,-,A,D,0,,,,,Y,,D,22,1,0,0,0,0,0,0,0,0,"- ","- ",37.963241577148438,-122.52208709716797,MARIN,"SAN RAFAEL",-122.52295684814453,37.963752746582031
9238231,2021,2021-03-26,2106,2021-02-22,1229,457,N204,1,5,4,2106,0,0,0,,0,NP2,"BAHIA DR","CERRO CREST DR",1474.00,W,N,A,-,N,,,,,,,,,,Y,4,0,1,1,A,-,08,22107,,N,E,I,A,A,H,-,A,D,0,,,,,Y,,A,01,0,0,1,0,0,0,0,0,0,"- ","- ",38.122650146484375,-122.53254699707031,MARIN,NOVATO,-122.53763580322266,38.123153686523438
9238249,2021,2021-04-06,2106,2021-03-03,1243,467,N114,3,5,4,2106,0,0,0,,0,NP1,"SAN MARIN DR","NOVATO BL",60.00,N,N,A,-,N,,,,,,,,,,N,4,0,1,2,A,-,03,22350,,N,C,C,A,A,H,-,A,D,0,,,,,Y,,A,01,0,0,1,0,0,0,0,0,0,"- ","- ",38.117908477783203,-122.60971832275391,MARIN,NOVATO,-122.60961151123047,38.118015289306641
9238379,2021,2021-04-09,2109,2021-01-13,0130,613,29,3,5,5,2109,0,0,0,,0,004,"MISSION AV","GRAND AV",233.00,E,N,A,-,N,,,,,,,,,,N,4,0,1,2,A,-,08,22107,,M,C,E,A,A,H,-,C,D,0,,,,,Y,,A,01,0,0,1,0,0,0,0,0,0,"- ","- ",37.973171234130859,-122.5177001953125,MARIN,"SAN RAFAEL",-122.51779937744141,37.973201751708984
9238473,2021,2021-04-07,2109,2021-03-11,1900,642,15,4,5,5,2109,0,0,0,,0,002,"MISSION AV","LINCOLN AV",123.00,E,N,A,-,N,,,,,,,,,,Y,4,0,1,3,A,-,01,23152,,N,C,C,A,A,H,-,C,A,0,,,,,Y,Y,A,01,0,0,1,0,0,0,0,0,0,"- ","- ",37.974460601806641,-122.52306365966797,MARIN,"SAN RAFAEL",-122.52299499511719,37.974227905273438
9238581,2021,2021-04-20,2109,2021-03-10,2031,637,17,3,5,5,2109,0,0,0,,0,002,"2ND ST","TAMALPAIS AV",0.00,,Y,C,-,N,,,,,,,,,,N,4,0,1,2,A,-,17,21657,,M,D,C,A,B,H,-,C,A,0,,,,,Y,,A,01,0,0,1,0,0,0,0,0,0,"- ","- ",37.970680236816406,-122.52337646484375,MARIN,"SAN RAFAEL",-122.52340698242188,37.970668792724609
9240787,2021,2021-03-30,2105,2021-02-11,1908,MV6237,90001,4,5,3,2105,0,0,0,,0,MV2,"MILLER AVE","REED ST",0.00,,Y,C,-,N,,,,,,,,,,Y,4,0,1,2,A,-,09,21801,B,N,B,C,A,B,H,-,C,A,0,,,,,Y,,A,01,0,0,1,0,0,0,0,0,0,"- ","- ",,,MARIN,"MILL VALLEY",-122.53453063964844,37.895236968994141
9240788,2021,2021-03-30,2105,2021-02-21,1913,MV6206,MV9,7,5,3,2105,0,0,0,,0,MV1,"E BLITHEDALE AVE","ROQUE MORAES DR",61.00,W,N,A,-,N,,,,,,,,,,Y,3,0,2,3,-,-,"- ",,,N,C,C,A,A,H,-,C,A,0,,,,,Y,,A,01,0,1,1,0,0,0,0,0,0,"- ","- ",,,MARIN,"MILL VALLEY",-122.52670288085938,37.900718688964844
9242008,2021,2021-04-22,2109,2021-03-21,1645,6581,17,7,5,5,2109,0,0,0,,0,002,"3RD ST","TAMALPAIS AV",0.00,,Y,A,-,N,,,,,,,,,,Y,3,0,1,2,A,-,08,22107,,N,D,C,A,A,H,-,A,A,0,,,,,Y,,A,07,0,1,0,0,0,0,0,0,0,"- ","- ",37.971481323242188,-122.52272033691406,MARIN,"SAN RAFAEL",-122.523193359375,37.971549987792969
9242058,2021,2021-04-09,2102,2021-02-26,1134,103,2,5,5,2,2102,0,0,0,,0,001,"TAMALPAIS DR","EASTMAN AV",120.00,W,N,A,-,N,,,,,,,,,,N,3,0,4,2,A,-,03,22350,,N,C,C,A,A,H,-,A,D,0,,,,,Y,,-,,0,3,1,0,0,0,0,0,0,"- ","- ",37.925201416015625,-122.52445220947266,MARIN,"CORTE MADERA",-122.5242919921875,37.925430297851562
9242059,2021,2021-04-09,2108,2021-02-23,0655,094,3,2,5,3,2108,0,0,0,,0,003,"CENTER BL","SAUNDERS AV",807.00,E,N,A,-,N,,,,,,,,,,Y,3,0,1,1,A,-,08,22107,,N,E,I,A,A,H,-,A,D,0,,,,,Y,,A,01,0,1,0,0,0,0,0,0,0,"- ","- ",37.979381561279297,-122.57183837890625,MARIN,"SAN ANSELMO",-122.56953430175781,37.978183746337891
9242060,2021,2021-04-15,2102,2021-02-27,1123,078,2A,6,5,2,2102,0,0,0,,0,001,"FIFER AV","TAMAL VISTA BL",197.00,E,N,A,-,N,,,,,,,,,,N,2,0,2,2,A,-,01,23152,A,N,C,C,A,A,H,-,A,D,0,,,,,Y,Y,A,01,2,0,0,0,0,0,0,0,0,"- ","- ",37.938480377197266,-122.51799774169922,MARIN,"CORTE MADERA",-122.51799774169922,37.938190460205078
9242141,2021,2021-04-14,2109,2021-03-26,1933,591,17,5,5,5,2109,0,0,0,,0,002,"LINCOLN AV","5TH AV",0.00,,Y,A,-,N,,,,,,,,,,N,4,0,1,2,A,-,03,22350,,N,C,C,A,A,H,-,A,A,0,,,,,Y,,A,01,0,0,1,0,0,0,0,0,0,"- ","- ",37.972709655761719,-122.52285766601562,MARIN,"SAN RAFAEL",-122.52364349365234,37.973377227783203
9242957,2021,2021-04-15,2109,2021-03-17,0843,551,21,3,5,5,2109,0,0,0,,0,003,"BELVEDERE ST","MEDWAY RD",50.00,E,N,A,-,N,,,,,,,,,,N,2,0,1,2,A,-,03,22350,,N,G,B,E,A,H,-,A,D,0,Y,,,,Y,,A,08,1,0,0,0,1,0,0,0,0,"- ","- ",37.96295166015625,-122.50849914550781,MARIN,"SAN RAFAEL",-122.50836944580078,37.964862823486328
9243103,2021,2021-04-15,2109,2021-03-31,1050,652,7,3,5,5,2109,0,0,0,,0,002,"3RD ST","B ST",0.00,,Y,A,-,N,,,,,,,,,,N,4,0,1,2,A,-,08,22107,,N,C,C,A,A,H,-,A,A,0,,,,,Y,,D,22,0,0,1,0,0,0,0,0,0,"- ","- ",37.9722900390625,-122.52964019775391,MARIN,"SAN RAFAEL",-122.52967834472656,37.972297668457031
9246145,2021,2021-04-13,2109,2021-03-07,1556,649,11,7,5,5,2109,0,0,0,,0,001,"D ST","TAYLOR ST",26.00,S,N,A,-,N,,,,,,,,,,N,3,0,1,2,A,-,09,21804,A,N,H,G,A,A,H,-,A,A,0,,Y,,,Y,,L,04,0,1,0,0,0,0,1,0,0,"- ","- ",37.968330383300781,-122.53280639648438,MARIN,"SAN RAFAEL",-122.53284454345703,37.968269348144531
9246146,2021,2021-04-13,2109,2021-03-17,1730,639,16,3,5,5,2109,0,0,0,,0,002,"3RD ST","LOOTENS PL",251.00,W,N,A,-,N,,,,,,,,,,Y,3,0,1,1,A,-,03,22350,,N,E,I,A,A,H,-,A,A,0,,,,,Y,,A,01,0,1,0,0,0,0,0,0,0,"- ","- ",37.972171783447266,-122.52284240722656,MARIN,"SAN RAFAEL",-122.52699279785156,37.972015380859375
9246370,2021,2021-04-01,2104,2021-01-31,1223,078,1,7,5,3,2104,0,0,0,,0,002,"DOHERTY DR","LARKSPUR PLAZA DR",0.00,,Y,A,-,N,,,,,,,,,,N,3,0,1,2,A,-,12,21453,A,N,D,C,A,A,H,-,A,A,0,,,,,Y,,A,01,0,1,0,0,0,0,0,0,0,"- ","- ",37.938140869140625,-122.53054046630859,MARIN,LARKSPUR,-122.53315734863281,37.938220977783203
9246371,2021,2021-04-01,2102,2021-01-23,1327,103,2,6,5,2,2102,0,0,0,,0,001,"CORTE MADERA AV","CHAPMAN DR",528.00,N,N,A,-,N,,,,,,,,,,N,3,0,1,2,A,-,06,21751,,N,B,G,A,B,H,-,A,D,0,,Y,,,Y,,A,07,0,1,0,0,0,0,1,0,0,"- ","- ",37.919689178466797,-122.52857971191406,MARIN,"CORTE MADERA",-122.52742767333984,37.917320251464844
9248809,2021,2021-04-26,2109,2021-03-28,1428,537,15,7,5,5,2109,0,0,0,,0,002,"HETHERTON ST","4TH ST",0.00,,Y,A,-,N,,,,,,,,,,N,3,0,2,2,A,-,12,21453,A,N,D,C,A,A,H,-,A,A,0,,,,,Y,,D,22,0,2,0,0,0,0,0,0,0,"- ","- ",37.972389221191406,-122.52195739746094,MARIN,"SAN RAFAEL",-122.52194976806641,37.972385406494141
9249891,2021,2021-04-28,2109,2021-03-30,1425,623,7,2,5,5,2109,0,0,0,,0,001,"5TH AV","C ST",0.00,,Y,A,-,N,,,,,,,,,,N,3,0,1,2,A,-,06,21750,A,N,H,G,A,A,H,-,A,D,0,,Y,,,Y,,A,01,0,1,0,0,0,0,1,0,0,"- ","- ",37.974559783935547,-122.5318603515625,MARIN,"SAN RAFAEL",-122.53055572509766,37.974391937255859
9250074,2021,2021-04-27,2105,2021-03-16,0822,MV6233,90002,2,5,3,2105,0,0,0,,0,MV2,"MILLER AV","LA GOMA ST",0.00,,Y,A,-,N,,,,,,,,,,Y,3,0,2,2,A,-,09,21800,A,N,D,C,A,A,H,-,A,A,0,,,,,Y,,A,01,0,1,1,0,0,0,0,0,0,"- ","- ",,,MARIN,"MILL VALLEY",-122.53694915771484,37.897560119628906