CASE_ID,ACCIDENT_YEAR,PROC_DATE,JURIS,COLLISION_DATE,COLLISION_TIME,OFFICER_ID,REPORTING_DISTRICT,DAY_OF_WEEK,CHP_SHIFT,POPULATION,CNTY_CITY_LOC,SPECIAL_COND,BEAT_TYPE,CHP_BEAT_TYPE,CITY_DIVISION_LAPD,CHP_BEAT_CLASS,BEAT_NUMBER,PRIMARY_RD,SECONDARY_RD,DISTANCE,DIRECTION,INTERSECTION,WEATHER_1,WEATHER_2,STATE_HWY_IND,CALTRANS_COUNTY,CALTRANS_DISTRICT,STATE_ROUTE,ROUTE_SUFFIX,POSTMILE_PREFIX,POSTMILE,LOCATION_TYPE,RAMP_INTERSECTION,SIDE_OF_HWY,TOW_AWAY,COLLISION_SEVERITY,NUMBER_KILLED,NUMBER_INJURED,PARTY_COUNT,PRIMARY_COLL_FACTOR,PCF_CODE_OF_VIOL,PCF_VIOL_CATEGORY,PCF_VIOLATION,PCF_VIOL_SUBSECTION,HIT_AND_RUN,TYPE_OF_COLLISION,MVIW,PED_ACTION,ROAD_SURFACE,ROAD_COND_1,ROAD_COND_2,LIGHTING,CONTROL_DEVICE,CHP_ROAD_TYPE,PEDESTRIAN_ACCIDENT,BICYCLE_ACCIDENT,MOTORCYCLE_ACCIDENT,TRUCK_ACCIDENT,NOT_PRIVATE_PROPERTY,ALCOHOL_INVOLVED,STWD_VEHTYPE_AT_FAULT,CHP_VEHTYPE_AT_FAULT,COUNT_SEVERE_INJ,COUNT_VISIBLE_INJ,COUNT_COMPLAINT_PAIN,COUNT_PED_KILLED,COUNT_PED_INJURED,COUNT_BICYCLIST_KILLED,COUNT_BICYCLIST_INJURED,COUNT_MC_KILLED,COUNT_MC_INJURED,PRIMARY_RAMP,SECONDARY_RAMP,LATITUDE,LONGITUDE,COUNTY,CITY,POINT_X,POINT_Y
9254225,2021,2021-05-04,2103,2021-02-12,1239,174,BOLIN,5,5,2,2103,0,0,0,,0,PAT,"BOLINAS RD","FAWN RIDGE",0.00,,Y,A,-,N,,,,,,,,,,N,3,0,1,2,A,-,08,22107,,N,H,G,A,A,H,-,A,D,0,,Y,,,Y,,I,11,0,1,0,0,0,0,1,0,0,"- ","- ",37.975811004638672,-122.59792327880859,MARIN,FAIRFAX,-122.59795379638672,37.975715637207031
9254397,2021,2021-05-04,2103,2021-04-09,1930,174,DNTN,5,5,2,2103,0,0,0,,0,PAT,"CENTER BL","PASTORI AV",528.00,W,N,A,-,N,,,,,,,,,,N,3,0,1,2,A,-,10,21950,A,N,G,B,C,A,H,-,B,A,0,Y,,,,Y,,A,01,0,1,0,0,1,0,0,0,0,"- ","- ",37.986198425292969,-122.58516693115234,MARIN,FAIRFAX,-122.58431243896484,37.986240386962891
9255393,2021,2021-05-11,2102,2021-04-29,1445,103,2,4,5,2,2102,0,0,0,,0,001,"SAN CLEMENTE DR","TAMALPAIS DR",1478.00,S,N,A,-,N,,,,,,,,,,N,4,0,1,2,A,-,09,21804,A,N,D,G,A,A,H,-,A,A,0,,Y,,,Y,,A,08,0,0,1,0,0,0,1,0,0,"- ","- ",37.924591064453125,-122.51152038574219,MARIN,"CORTE MADERA",-122.5106201171875,37.923011779785156
9255396,2021,2021-05-11,2108,2021-04-13,2500,CM118,3,2,5,3,2108,0,0,0,,0,003,"SIR FRANCIS DRAKE BL","BROADMOOR AV",7.00,E,N,A,-,N,,,,,,,,,,N,4,0,1,2,A,-,03,22350,,N,C,C,A,A,H,-,A,A,0,,,,,Y,,A,01,0,0,1,0,0,0,0,0,0,"- ","- ",37.986850738525391,-122.57801055908203,MARIN,"SAN ANSELMO",-122.57496643066406,37.985809326171875
9255398,2021,2021-05-11,2102,2021-04-27,1354,026,2,2,5,2,2102,0,0,0,,0,001,"CORTE MADERA AV","1ST ST",2534.00,S,N,A,-,N,,,,,,,,,,N,3,0,1,1,A,-,03,22350,,N,H,A,A,A,H,-,A,D,0,,Y,,,Y,,L,04,0,1,0,0,0,0,1,0,0,"- ","- ",,,MARIN,"CORTE MADERA",-122.53025817871094,37.920680999755859
9255399,2021,2021-05-11,2104,2021-04-24,0218,141,1,6,5,3,2104,0,0,0,,0,002,"MAGNOLIA AV","BALTIMORE AV",145.00,S,N,A,-,N,,,,,,,,,,Y,3,0,1,2,A,-,01,23152,A,N,B,E,A,A,H,-,C,A,0,,,,,Y,Y,A,01,0,1,0,0,0,0,0,0,0,"- ","- ",,,MARIN,LARKSPUR,-122.53543853759766,37.930873870849609
9255887,2021,2021-05-13,2104,2021-03-22,1223,094,1,1,5,3,2104,0,0,0,,0,002,"MAGNOLIA AV","DOHERTY DR",253.00,N,N,A,-,N,,,,,,,,,,N,3,0,1,2,A,-,11,21950,B,N,B,B,D,A,H,-,A,D,0,Y,,,,Y,,N,60,0,1,0,0,1,0,0,0,0,"- ","- ",37.938060760498047,-122.5347900390625,MARIN,LARKSPUR,-122.53525543212891,37.938636779785156
9255905,2021,2021-06-02,2102,2021-03-27,1513,CM118,2,6,5,2,2102,0,0,0,,0,001,"TAMALPAIS DR","RT 101",0.00,,Y,A,-,Y,MRN,4,101,-,-,7.485,R,4,S,N,4,0,2,2,A,-,12,21453,A,N,D,C,A,A,H,-,A,A,0,,,,,Y,,-,"- ",0,0,2,0,0,0,0,0,0,"- ",SF,37.925910949707031,-122.51435089111328,MARIN,"CORTE MADERA",-122.51534271240234,37.927619934082031
9255906,2021,2021-05-11,2102,2021-03-29,1611,078,2,1,5,2,2102,0,0,0,,0,001,"TAMA VISTA BL","WORNUM DR",10.00,S,N,A,-,N,,,,,,,,,,N,4,0,1,2,A,-,10,21950,A,N,G,B,B,A,H,-,A,A,0,Y,,,,Y,,A,01,0,0,1,0,1,0,0,0,0,"- ","- ",37.934761047363281,-122.51750946044922,MARIN,"CORTE MADERA",-122.51858520507812,37.934902191162109
9256474,2021,2021-08-19,2109,2021-05-18,0803,476,7,2,5,5,2109,0,0,0,,0,001,"4TH ST","G ST",0.00,,Y,A,-,N,,,,,,,,,,N,1,1,0,2,A,-,10,21950,,N,G,B,D,A,H,-,A,A,0,Y,,,Y,Y,,-,"- ",0,0,0,1,0,0,0,0,0,"- ","- ",37.973930358886719,-122.53732299804688,MARIN,"SAN RAFAEL",-122.53746795654297,37.974079132080078
9258209,2021,2021-05-04,2109,2021-04-18,1200,551,7,7,5,5,2109,0,0,0,,0,,"2ND ST","G ST",0.00,,Y,A,-,N,,,,,,,,,,Y,2,0,2,1,A,-,08,22107,,N,E,J,A,A,H,-,A,D,0,,,,,Y,,A,01,1,1,0,0,0,0,0,0,0,"- ","- ",37.972869873046875,-122.53765869140625,MARIN,"SAN RAFAEL",-122.53769683837891,37.972827911376953
9261325,2021,2021-05-05,2109,2021-04-16,1858,638,1,5,5,5,2109,0,0,0,,0,001,"RIDGEWOOD DR",MAYWOOD,118.00,W,N,A,-,N,,,,,,,,,,N,3,0,1,2,A,-,11,21954,A,N,G,B,E,A,H,-,A,D,0,Y,,,,Y,,N,60,0,1,0,0,1,0,0,0,0,"- ","- ",37.986171722412109,-122.54308319091797,MARIN,"SAN RAFAEL",-122.54286193847656,37.986339569091797
9262458,2021,2021-05-11,2109,2021-04-18,2015,655,22,7,5,5,2109,0,0,0,,0,003,"BELLAM BL","KERNER BL",0.00,,Y,A,-,N,,,,,,,,,,N,4,0,1,2,A,-,03,22350,,N,C,C,A,A,H,-,C,A,0,,,,,Y,,A,01,0,0,1,0,0,0,0,0,0,"- ","- ",37.961330413818359,-122.50009918212891,MARIN,"SAN RAFAEL",-122.50186157226562,37.961578369140625
9262547,2021,2021-05-18,2109,2021-04-23,0408,583,23,5,5,5,2109,0,0,0,,0,003,"SHORELINE PKWY","KERNER BL",0.00,,Y,A,-,N,,,,,,,,,,N,3,0,1,2,A,-,03,22350,,N,C,G,A,A,H,-,C,A,0,,Y,,,Y,,-,"- ",0,1,0,0,0,0,1,0,0,"- ","- ",37.953010559082031,-122.492919921875,MARIN,"SAN RAFAEL",-122.49372863769531,37.951381683349609
9262657,2021,2021-05-12,2109,2021-04-29,0751,637,14,4,5,5,2109,0,0,0,,0,002,"5TH AV","COURT ST",0.00,,Y,A,-,N,,,,,,,,,,Y,4,0,1,2,A,-,09,21801,A,N,D,C,A,A,H,-,A,A,0,,,,,Y,,A,01,0,0,1,0,0,0,0,0,0,"- ","- ",37.974048614501953,-122.52694702148438,MARIN,"SAN RAFAEL",-122.52690887451172,37.974006652832031
9263304,2021,2021-05-27,2104,2021-03-23,0943,078,,2,5,3,2104,0,0,0,,0,002,ESFDB,"RT 101",0.00,,Y,A,-,Y,MRN,4,101,-,-,8.846,R,4,N,N,3,0,1,2,A,-,12,21453,A,N,D,C,A,A,H,-,A,A,0,,,,,Y,,-,"- ",0,1,0,0,0,0,0,0,0,"- ",NO,37.945358276367188,-122.51319885253906,MARIN,LARKSPUR,-122.51355743408203,37.946964263916016
9263459,2021,2021-05-18,2105,2021-04-23,1452,MV6218,90001,5,5,3,2105,0,0,0,,0,MV2,"MILLER AV","EVERGREEN AV",140.00,S,N,A,-,N,,,,,,,,,,N,3,0,1,2,A,-,17,22517,,N,C,G,A,A,H,-,A,A,0,,Y,,,Y,,A,01,0,1,0,0,0,0,1,0,0,"- ","- ",,,MARIN,"MILL VALLEY",-122.53585815429688,37.896278381347656
9263894,2021,2021-06-04,2109,2021-04-30,1215,513,46,5,5,5,2109,0,0,0,,0,005,"NORTHGATE DR","LAS GALLINAS AV",0.00,,Y,A,-,N,,,,,,,,,,Y,3,0,1,2,A,-,12,21453,A,N,D,C,A,A,H,-,A,A,0,,,,,Y,,A,01,0,1,0,0,0,0,0,0,0,"- ","- ",38.006710052490234,-122.54560852050781,MARIN,"SAN RAFAEL",-122.54557037353516,38.006694793701172
9264010,2021,2021-05-26,2109,2021-05-07,1741,657,15,5,5,5,2109,0,0,0,,0,002,"MISSION AV","HETHERTON AV",0.00,,Y,A,-,Y,MRN,4,101,-,-,11.280,R,4,S,Y,4,0,2,2,A,-,12,21453,A,N,D,C,A,A,H,-,A,A,0,,,,,Y,,A,01,0,0,2,0,0,0,0,0,0,"- ","- ",37.9739990234375,-122.52147674560547,MARIN,"SAN RAFAEL",-122.52074432373047,37.976444244384766
9264157,2021,2021-06-15,2106,2021-04-19,1658,474,,1,5,4,2106,0,0,0,,0,,"ENTRADA DR","IGNACIO BL",0.00,,Y,A,-,N,,,,,,,,,,,3,0,1,2,A,-,10,21950,A,N,G,B,B,A,H,-,A,A,0,Y,,,,Y,,A,01,0,1,0,0,1,0,0,0,0,"- ","- ",38.067920684814453,-122.54579925537109,MARIN,NOVATO,-122.54583740234375,38.068138122558594
9264319,2021,2021-05-21,2105,2021-04-23,1018,MV6218,90002,5,5,3,2105,0,0,0,,0,MV2,"CAMINO ALTO","SYCAMORE AV",260.00,N,N,A,-,N,,,,,,,,,,N,4,0,1,2,A,-,09,21801,A,N,D,G,A,A,H,-,A,A,0,,Y,,,Y,,-,,0,0,1,0,0,0,1,0,0,"- ","- ",,,MARIN,"MILL VALLEY",-122.53009033203125,37.897380828857422
9264619,2021,2021-05-25,2109,2021-05-05,1017,648,12,3,5,5,2109,0,0,0,,0,002,"LINCOLN AV","PROSPECT DR",301.00,N,N,A,-,N,,,,,,,,,,Y,4,0,1,3,A,-,05,21460,A,M,B,C,A,A,H,-,A,D,0,,,,,Y,,A,01,0,0,1,0,0,0,0,0,0,"- ","- ",37.979049682617188,-122.52181243896484,MARIN,"SAN RAFAEL",-122.52812194824219,37.988773345947266
9267868,2021,2021-06-02,2109,2021-03-30,1511,551,26,2,5,5,2109,0,0,0,,0,,"2ND ST","IRWIN ST",0.00,,Y,A,-,N,,,,,,,,,,N,3,0,1,2,A,-,09,21804,A,N,H,G,A,A,H,-,A,A,0,,Y,,,Y,,L,04,0,1,0,0,0,0,1,0,0,"- ","- ",37.970470428466797,-122.52115631103516,MARIN,"SAN RAFAEL",-122.52117156982422,37.970478057861328
9267876,2021,2021-06-02,2109,2021-05-14,1544,541,39,5,5,5,2109,0,0,0,,0,003,"SAN RAFAEL","FRANCISCO BL WEST",0.00,,Y,A,-,N,,,,,,,,,,N,4,0,1,2,A,-,03,22350,,N,H,G,A,A,H,-,A,A,0,,Y,,,Y,,L,04,0,0,1,0,0,0,1,0,0,"- ","- ",37.960289001464844,-122.51175689697266,MARIN,"SAN RAFAEL",,
9268013,2021,2021-05-26,2106,2021-02-07,2305,450,,7,5,4,2106,0,0,0,,0,,"ALAMEDA DEL PRADO","CIELO LN",550.00,S,N,A,-,,,,,,,,,,,,3,0,1,2,A,-,11,21956,A,F,G,B,E,A,H,-,C,A,0,Y,,,,Y,,N,60,0,1,0,0,1,0,0,0,0,"- ","- ",38.056591033935547,-122.53311920166016,MARIN,NOVATO,-122.53104400634766,38.056480407714844
9268052,2021,2021-05-26,2106,2021-03-23,1438,467,N429,2,5,4,2106,0,0,0,,0,NP4,"FIFTH ST","GRANT AV",284.00,N,N,A,-,,,,,,,,,,,,3,0,1,3,A,-,09,21804,A,N,D,C,A,A,H,-,A,D,0,,,,,Y,,A,01,0,1,0,0,0,0,0,0,0,"- ","- ",38.108730316162109,-122.57575225830078,MARIN,NOVATO,-122.57568359375,38.109470367431641
9268251,2021,2021-05-27,2106,2021-04-19,2100,409,201,1,5,4,2106,0,0,0,,0,NP2,"ROWLAND BL","VINTAGE WY",0.00,,Y,A,-,N,,,,,,,,,,N,4,0,1,2,A,-,"- ",,,N,D,C,A,A,H,-,D,A,0,,,,,Y,,A,01,0,0,1,0,0,0,0,0,0,"- ","- ",,,MARIN,NOVATO,-122.55514526367188,38.093589782714844
9270411,2021,2021-06-07,2109,2021-05-25,2330,641,15,2,5,5,2109,0,0,0,,0,002,"HETHERTON ST","MISSION AV",0.00,,Y,A,-,N,,,,,,,,,,Y,3,0,2,2,A,-,01,23152,A,N,D,C,A,A,H,-,C,A,0,,,,,Y,Y,A,01,0,2,0,0,0,0,0,0,0,"- ","- ",37.9739990234375,-122.52147674560547,MARIN,"SAN RAFAEL",-122.52149963378906,37.973995208740234
9270835,2021,2021-05-28,2109,2021-05-11,1700,659,17,2,5,5,2109,0,0,0,,0,002,"3RD ST","TAMALPAIS AV",0.00,,Y,A,-,N,,,,,,,,,,N,3,0,1,2,A,-,10,21950,A,N,G,B,B,A,H,-,A,A,0,Y,,,,Y,,A,01,0,1,0,0,1,0,0,0,0,"- ","- ",37.971481323242188,-122.52272033691406,MARIN,"SAN RAFAEL",-122.523193359375,37.971549987792969
9270897,2021,2021-06-02,2109,2021-03-26,0859,649,7,5,5,5,2109,0,0,0,,0,001,"D ST","3RD ST",0.00,,Y,A,-,N,,,,,,,,,,Y,4,0,1,2,A,-,12,21453,A,N,D,C,A,A,H,-,A,A,0,,,,,Y,,A,07,0,0,1,0,0,0,0,0,0,"- ","- ",37.972530364990234,-122.53217315673828,MARIN,"SAN RAFAEL",-122.53217315673828,37.972530364990234
9270975,2021,2021-06-03,2106,2021-05-01,1355,442,N101,6,5,4,2106,0,0,0,,0,NP1,"CENTER RD","LAURIE DR",0.00,,Y,A,-,N,,,,,,,,,,N,3,0,1,1,A,-,03,22350,,N,H,-,A,A,H,-,A,D,0,,Y,,,Y,,L,04,0,1,0,0,0,0,1,0,0,"- ","- ",38.109481811523438,-122.59967803955078,MARIN,NOVATO,-122.59943389892578,38.109653472900391
9272423,2021,2021-06-09,2106,2021-04-02,0918,424,,5,5,4,2106,0,0,0,,0,NP3,"ALAMEDA DEL PRADO","DUSEL CT",0.00,,Y,A,-,N,,,,,,,,,,Y,4,0,1,2,A,-,09,21802,A,N,A,D,A,A,H,-,A,A,0,,,,,Y,,M,94,0,0,1,0,0,0,0,0,0,"- ","- ",38.059368133544922,-122.531982421875,MARIN,NOVATO,-122.53203582763672,38.059192657470703
9272526,2021,2021-06-10,2106,2021-05-23,2121,457,N101,7,5,4,2106,0,0,0,,0,NP1,"SAN LUIS WY","LAS TARDES CT",115.00,E,N,A,-,N,,,,,,,,,,Y,3,0,1,3,A,-,01,23152,A,F,C,E,A,A,H,-,C,D,0,,,,,Y,Y,A,01,0,1,0,0,0,0,0,0,0,"- ","- ",38.117229461669922,-122.59490203857422,MARIN,NOVATO,-122.59439086914062,38.117183685302734
9272857,2021,2021-07-12,2102,2021-04-26,0957,078,2,1,5,2,2102,0,0,0,,0,001,"TAMAL VISTA BL","WORNUM DR",0.00,,Y,A,-,N,,,,,,,,,,N,3,0,1,2,A,-,11,21954,A,N,G,B,D,A,H,-,A,A,0,Y,,,,Y,,N,60,0,1,0,0,1,0,0,0,0,"- ","- ",37.934768676757812,-122.51854705810547,MARIN,"CORTE MADERA",-122.51858520507812,37.934928894042969
9273716,2021,2021-06-24,2106,2021-05-19,1232,378,N401,3,5,4,2106,0,0,0,,0,NP4,"SOUTH NOVATO BL","ADELE ST",0.00,,Y,A,-,N,,,,,,,,,,Y,3,0,3,2,A,-,03,22350,,N,C,C,A,A,H,-,A,B,0,,,,,Y,,A,01,0,2,1,0,0,0,0,0,0,"- ","- ",38.090080261230469,-122.56771850585938,MARIN,NOVATO,-122.56697082519531,38.090770721435547
9273828,2021,2021-06-28,2106,2021-05-10,1400,474,,1,5,4,2106,0,0,0,,0,,"MONTE MARIA AV","SOUTH NOVATO BL",173.00,W,N,A,-,N,,,,,,,,,,N,4,0,1,2,A,-,08,22107,,N,C,E,A,A,H,-,A,D,0,,,,Y,Y,,A,07,0,0,1,0,0,0,0,0,0,"- ","- ",,,MARIN,NOVATO,-122.56221008300781,38.084842681884766
9277341,2021,2021-06-10,2109,2021-05-15,0845,658,16,6,5,5,2109,0,0,0,,0,002,"A ST","3RD ST",0.00,,Y,A,-,N,,,,,,,,,,Y,3,0,1,3,A,-,12,21453,A,N,D,C,A,A,H,-,A,A,0,,,,,Y,Y,A,01,0,1,0,0,0,0,0,0,0,"- ","- ",37.972171783447266,-122.52837371826172,MARIN,"SAN RAFAEL",-122.52838134765625,37.972160339355469
9277608,2021,2021-07-14,2109,2021-06-01,0234,635,26,2,5,5,2109,0,0,0,,0,004,"IRWIN ST","MISSION AV",0.00,,Y,A,-,N,,,101,,,,,,,Y,3,0,1,2,A,-,12,21453,A,F,D,C,A,A,H,-,C,A,0,,,,,Y,,A,01,0,1,0,0,0,0,0,0,0,"- ","- ",37.973831176757812,-122.52028656005859,MARIN,"SAN RAFAEL",-122.52097320556641,37.974018096923828
9279004,2021,2021-07-09,2106,2021-06-12,1730,420,,6,5,4,2106,0,0,0,,0,,"GRANT AV","4TH ST",12.00,W,N,A,-,N,,,,,,,,,,Y,4,0,1,2,A,-,03,22350,,N,C,C,A,A,H,-,A,D,0,,,,,Y,,A,01,0,0,1,0,0,0,0,0,0,"- ","- ",38.108379364013672,-122.57420349121094,MARIN,NOVATO,-122.57478332519531,38.108467102050781
9280351,2021,2021-06-28,2106,2021-04-29,0830,386,,4,5,4,2106,0,0,0,,0,,"ROWLAND BL","RT 101",0.00,,Y,A,-,Y,MRN,4,101,-,-,19.974,R,4,S,Y,4,0,1,1,C,-,18,,,N,E,I,A,A,H,-,A,A,0,,,,,Y,,-,"- ",0,0,1,0,0,0,0,0,0,"- ",SO,38.091201782226562,-122.560546875,MARIN,NOVATO,-122.55674743652344,38.089744567871094
9280603,2021,2021-07-15,2109,2021-06-09,2359,527,0,3,5,5,2109,0,0,0,,0,006,"NORTH SAN PEDRO RD","SAN PABLO AV",200.00,W,N,A,-,N,,,,,,,,,,N,4,0,1,2,A,-,03,22350,,N,C,C,A,A,H,-,A,D,0,,,,,Y,,A,07,0,0,1,0,0,0,0,0,0,"- ","- ",37.994419097900391,-122.52855682373047,MARIN,"SAN RAFAEL",-122.52889251708984,37.996295928955078
9280606,2021,2021-07-15,2109,2021-06-21,1545,657,21,1,5,5,2109,0,0,0,,0,003,"FRANCISCO BL E","HABRO ST",5.00,N,N,A,-,N,,,,,,,,,,N,4,0,1,2,A,-,"- ",,,N,H,G,A,A,H,-,A,D,0,,Y,,,Y,,-,"- ",0,0,1,0,0,0,1,0,0,"- ","- ",37.965641021728516,-122.50388336181641,MARIN,"SAN RAFAEL",,
9281659,2021,2021-07-02,2106,2021-06-04,1740,473,N422,5,5,4,2106,0,0,0,,0,NP2,"SOUTH NOVATO BL","GARDEN CT",0.00,,Y,A,-,N,,,,,,,,,,,3,0,1,2,D,-,00,,,N,D,G,A,A,H,-,A,A,0,,Y,,,Y,,-,"- ",0,1,0,0,0,0,1,0,0,"- ","- ",38.0985107421875,-122.57045745849609,MARIN,NOVATO,-122.5703125,38.098583221435547
9282823,2021,2021-07-20,2106,2021-06-27,2102,467,,7,5,4,2106,0,0,0,,0,,"NOVATO BL","WILSON AV",23.00,E,N,A,-,N,,,,,,,,,,Y,3,0,1,2,A,-,01,23152,A,N,B,C,A,A,H,-,C,A,0,,,,,Y,Y,A,01,0,1,0,0,0,0,0,0,0,"- ","- ",38.111309051513672,-122.59117889404297,MARIN,NOVATO,-122.59088897705078,38.111568450927734
9283848,2021,2021-07-23,2109,2021-06-29,1249,551,7,2,5,5,2109,0,0,0,,0,001,"SECOND ST","E ST",0.00,,Y,A,-,N,,,,,,,,,,Y,4,0,1,2,A,-,12,21453,,N,D,C,A,A,H,-,A,A,0,,,,,Y,,A,08,0,0,1,0,0,0,0,0,0,"- ","- ",37.971691131591797,-122.5335693359375,MARIN,"SAN RAFAEL",-122.53351593017578,37.971664428710938
9284844,2021,2021-07-12,2109,2021-06-08,1832,629,7,2,5,5,2109,0,0,0,,0,001,"2ND ST","D ST",0.00,,Y,A,-,N,,,,,,,,,,Y,3,0,3,3,A,-,12,21453,A,N,A,C,A,A,H,-,A,A,0,,,,,Y,Y,A,01,0,2,1,0,0,0,0,0,0,"- ","- ",37.971549987792969,-122.53231048583984,MARIN,"SAN RAFAEL",-122.53231048583984,37.9715576171875
9285371,2021,2021-07-01,2109,2021-06-07,0810,657,21,1,5,5,2109,0,0,0,,0,003,"CANAL ST","NOVATO ST",15.00,N,N,A,-,N,,,,,,,,,,N,3,0,1,2,A,-,09,21804,,N,B,C,A,A,H,-,A,D,0,,,,,Y,,A,01,0,1,0,0,0,0,0,0,0,"- ","- ",37.9658203125,-122.50576782226562,MARIN,"SAN RAFAEL",-122.50575256347656,37.965850830078125
9286250,2021,2021-07-12,2106,2021-06-05,1303,386,,6,5,4,2106,0,0,0,,0,,"ROWLAND BL","RT 101",154.00,E,N,A,-,N,,,,,,,,,,,4,0,1,2,A,-,03,22350,,N,C,C,A,A,H,-,A,A,0,,,,,Y,,A,07,0,0,1,0,0,0,0,0,0,"- ",NO,38.092369079589844,-122.55837249755859,MARIN,NOVATO,,
9287086,2021,2021-09-08,2106,2021-07-17,1349,415,,6,5,4,2106,0,0,0,,0,,"ROWLAND BL","REDWOOD BL",108.00,E,N,A,-,N,,,,,,,,,,Y,3,0,1,3,A,-,03,22350,,N,C,C,A,A,H,-,A,A,0,,,,,Y,,A,07,0,1,0,0,0,0,0,0,0,"- ","- ",38.090461730957031,-122.56169891357422,MARIN,NOVATO,-122.56158447265625,38.090686798095703
9288467,2021,2021-07-08,2108,2021-05-24,1000,026,3,1,5,3,2108,0,0,0,,0,003,"SIR FRANCIS DRAKE BL","KENT AV",0.00,,Y,A,-,N,,,,,,,,,,N,3,0,1,2,A,-,03,22350,,F,C,C,A,A,H,-,A,D,0,,,,,Y,,A,01,0,1,0,0,0,0,0,0,0,"- ","- ",37.986610412597656,-122.58058929443359,MARIN,"SAN ANSELMO",-122.58112335205078,37.98663330078125
9288468,2021,2021-07-08,2102,2021-05-27,1656,026,2A,4,5,2,2102,0,0,0,,0,001,"CORTE MADERA AV","REDWOOD AV",256.00,N,N,A,-,N,,,,,,,,,,N,3,0,1,2,A,-,06,21750,,F,H,G,A,A,H,-,A,D,0,,Y,,,Y,,-,99,0,1,0,0,0,0,1,0,0,"- ","- ",37.926990509033203,-122.53109741210938,MARIN,"CORTE MADERA",-122.53071594238281,37.926631927490234
9288473,2021,2021-07-08,2108,2021-05-12,1605,078,3,3,5,3,2108,0,0,0,,0,003,"SAN ANSELMO AV","TUNSTEAD AV",56.00,S,N,A,-,N,,,,,,,,,,N,4,0,1,2,A,-,17,22517,,N,H,G,A,A,H,-,A,D,0,,Y,,,Y,,A,01,0,0,1,0,0,0,1,0,0,"- ","- ",37.973888397216797,-122.56208801269531,MARIN,"SAN ANSELMO",-122.56230926513672,37.974308013916016
9288475,2021,2021-07-08,2108,2021-05-19,1454,103,3,3,5,3,2108,0,0,0,,0,003,"BUTTERFIELD RD","ARROYO AV",144.00,S,N,A,-,N,,,,,,,,,,N,3,0,1,1,A,-,"- ",,,N,E,I,A,A,H,-,A,D,0,,Y,,,Y,,L,04,0,1,0,0,0,0,1,0,0,"- ","- ",37.991828918457031,-122.57608032226562,MARIN,"SAN ANSELMO",-122.57642364501953,37.991634368896484
9288477,2021,2021-07-08,2108,2021-05-01,1049,103,3,6,5,3,2108,0,0,0,,0,003,"SIR FRANCIS DRAKE BL","TAMAL AV",30.00,W,N,A,-,N,,,,,,,,,,N,4,0,1,2,A,-,21,22106,,N,C,C,A,A,H,-,A,A,0,,,,,Y,,A,01,0,0,1,0,0,0,0,0,0,"- ","- ",37.982349395751953,-122.56893157958984,MARIN,"SAN ANSELMO",-122.56912994384766,37.982460021972656
9288478,2021,2021-07-08,2104,2021-05-12,0830,078,1,3,5,3,2104,0,0,0,,0,002,"DOHERTY DR","RIVIERA CR",21.00,E,N,A,-,N,,,,,,,,,,N,3,0,1,2,A,-,10,21950,A,N,G,B,B,A,H,-,A,D,0,Y,,,,Y,,A,01,0,1,0,0,1,0,0,0,0,"- ","- ",37.938251495361328,-122.52439117431641,MARIN,LARKSPUR,-122.52530670166016,37.9384765625
9288479,2021,2021-07-08,2108,2021-05-05,1912,045,3,3,5,3,2108,0,0,0,,0,003,"CEDAR ST","MAGNOLIA AV",93.00,S,N,A,-,N,,,,,,,,,,N,3,0,1,1,A,-,03,22350,,N,F,A,A,A,H,-,A,D,0,,Y,,,Y,,L,04,0,1,0,0,0,0,1,0,0,"- ","- ",37.974681854248047,-122.56584930419922,MARIN,"SAN ANSELMO",-122.56576538085938,37.974452972412109
9291334,2021,2021-07-26,2108,2021-04-30,1236,103,3,5,5,3,2108,0,0,0,,0,003,"SUNNYHILLS DR","SIR FRANCIS DRAKE BL",6.00,N,N,A,-,N,,,,,,,,,,Y,4,0,2,3,A,-,08,22107,,N,D,C,A,A,H,-,A,A,0,,,,,Y,,A,01,0,0,2,0,0,0,0,0,0,"- ","- ",37.981128692626953,-122.56691741943359,MARIN,"SAN ANSELMO",-122.56692504882812,37.981132507324219