CASE_ID,ACCIDENT_YEAR,PROC_DATE,JURIS,COLLISION_DATE,COLLISION_TIME,OFFICER_ID,REPORTING_DISTRICT,DAY_OF_WEEK,CHP_SHIFT,POPULATION,CNTY_CITY_LOC,SPECIAL_COND,BEAT_TYPE,CHP_BEAT_TYPE,CITY_DIVISION_LAPD,CHP_BEAT_CLASS,BEAT_NUMBER,PRIMARY_RD,SECONDARY_RD,DISTANCE,DIRECTION,INTERSECTION,WEATHER_1,WEATHER_2,STATE_HWY_IND,CALTRANS_COUNTY,CALTRANS_DISTRICT,STATE_ROUTE,ROUTE_SUFFIX,POSTMILE_PREFIX,POSTMILE,LOCATION_TYPE,RAMP_INTERSECTION,SIDE_OF_HWY,TOW_AWAY,COLLISION_SEVERITY,NUMBER_KILLED,NUMBER_INJURED,PARTY_COUNT,PRIMARY_COLL_FACTOR,PCF_CODE_OF_VIOL,PCF_VIOL_CATEGORY,PCF_VIOLATION,PCF_VIOL_SUBSECTION,HIT_AND_RUN,TYPE_OF_COLLISION,MVIW,PED_ACTION,ROAD_SURFACE,ROAD_COND_1,ROAD_COND_2,LIGHTING,CONTROL_DEVICE,CHP_ROAD_TYPE,PEDESTRIAN_ACCIDENT,BICYCLE_ACCIDENT,MOTORCYCLE_ACCIDENT,TRUCK_ACCIDENT,NOT_PRIVATE_PROPERTY,ALCOHOL_INVOLVED,STWD_VEHTYPE_AT_FAULT,CHP_VEHTYPE_AT_FAULT,COUNT_SEVERE_INJ,COUNT_VISIBLE_INJ,COUNT_COMPLAINT_PAIN,COUNT_PED_KILLED,COUNT_PED_INJURED,COUNT_BICYCLIST_KILLED,COUNT_BICYCLIST_INJURED,COUNT_MC_KILLED,COUNT_MC_INJURED,PRIMARY_RAMP,SECONDARY_RAMP,LATITUDE,LONGITUDE,COUNTY,CITY,POINT_X,POINT_Y
9291510,2021,2021-07-21,2105,2021-06-21,0936,MV6240,90000,1,5,3,2105,0,0,0,,0,MV1,"MONTE VISTA AV","ROSE AV",0.00,,Y,A,-,N,,,,,,,,,,Y,3,0,1,1,A,-,08,22107,,N,F,I,A,A,H,-,A,D,0,,,,,Y,,-,,0,1,0,0,0,0,0,0,0,"- ","- ",,,MARIN,"MILL VALLEY",-122.56336975097656,37.910179138183594
9291511,2021,2021-07-21,2105,2021-06-29,1700,MV6240,90004,2,5,3,2105,0,0,0,,0,MV1,"THROCKMORTON AV","MADRONA ST",85.00,W,N,A,-,N,,,,,,,,,,N,3,0,1,2,A,-,17,22517,,N,B,E,A,A,H,-,A,D,0,,Y,,,Y,,-,,0,1,0,0,0,0,1,0,0,"- ",CN,,,MARIN,"MILL VALLEY",-122.54932403564453,37.905529022216797
9291706,2021,2021-09-11,2106,2021-07-03,2323,473,N339,6,5,4,2106,0,0,0,,0,NP3,"HAMILTON PKWY","NAVE DR",1130.00,S,N,A,-,N,,,,,,,,,,N,4,0,1,1,A,-,01,23152,F,N,E,I,A,A,H,-,C,D,0,,,,,Y,Y,A,01,0,0,1,0,0,0,0,0,0,"- ","- ",38.061088562011719,-122.531982421875,MARIN,NOVATO,-122.53204345703125,38.060848236083984
9291707,2021,2021-09-11,2106,2021-07-02,2227,473,N402,5,5,4,2106,0,0,0,,0,NP4,"REDWOOD BL","SCOTTSDALE WY",18.00,N,N,A,-,N,,,,,,,,,,N,4,0,1,2,A,-,01,23152,A,N,B,E,A,A,H,-,C,D,0,,,,,Y,Y,A,01,0,0,1,0,0,0,0,0,0,"- ","- ",38.08837890625,-122.55808258056641,MARIN,NOVATO,-122.55815124511719,38.088459014892578
9292045,2021,2021-09-01,2109,2021-07-05,2130,565,26,1,5,5,2109,0,0,0,,0,004,"IRWIN ST","3RD ST",88.00,S,N,A,-,N,,,101,,,,,,,N,2,0,1,1,A,-,03,22350,,N,E,I,A,A,H,-,C,D,0,,Y,,,Y,,L,04,1,0,0,0,0,0,1,0,0,"- ","- ",37.970470428466797,-122.52115631103516,MARIN,"SAN RAFAEL",-122.52170562744141,37.970367431640625
9292061,2021,2021-09-01,2109,2021-07-09,1750,591,13,5,5,5,2109,0,0,0,,0,002,"LINCOLN AV","BROOKDALE AV",0.00,,Y,A,-,N,,,,,,,,,,Y,3,0,1,2,A,-,09,21804,,N,D,C,A,A,H,-,A,D,0,,,,,Y,,A,01,0,1,0,0,0,0,0,0,0,"- ","- ",37.983020782470703,-122.52414703369141,MARIN,"SAN RAFAEL",-122.52416229248047,37.983024597167969
9298701,2021,2021-08-12,2109,2021-07-28,1039,476,42,3,5,5,2109,0,0,0,,0,005,"ESMEYER DR","ELDA DR",154.00,S,N,A,-,N,,,,,,,,,,Y,3,0,1,1,A,-,03,22350,,N,E,I,A,A,H,-,A,D,0,,,,,Y,,A,01,0,1,0,0,0,0,0,0,0,"- ","- ",38.002529144287109,-122.55996704101562,MARIN,"SAN RAFAEL",-122.56035614013672,38.002540588378906
9298702,2021,2021-08-12,2109,2021-07-21,1303,652,17,3,5,5,2109,0,0,0,,0,002,"HETHERRTON ST","2ND ST",0.00,,Y,A,-,N,,,,,,,,,,Y,3,0,1,2,A,-,01,23152,F,F,D,C,A,A,H,-,A,A,0,,,,,Y,,A,07,0,1,0,0,0,0,0,0,0,"- ","- ",37.971099853515625,-122.52310943603516,MARIN,"SAN RAFAEL",-122.52236175537109,37.970569610595703
9299730,2021,2021-09-16,2105,2021-07-27,1621,MV6240,90003,2,5,3,2105,0,0,0,,0,MV2,"HAMILTON DR","ROQUE MORAES DR",780.00,S,N,A,-,N,,,,,,,,,,N,4,0,1,2,A,-,06,21750,,N,B,G,A,A,H,-,A,D,0,,Y,,,Y,,A,01,0,0,1,0,0,0,1,0,0,"- ","- ",,,MARIN,"MILL VALLEY",-122.52272033691406,37.896526336669922
9301678,2021,2021-09-29,2105,2021-08-16,1727,MV6206,MV9,1,5,3,2105,0,0,0,,0,002,"EAST BLITHEDALE AV","ROQUE MORAES DR",18.00,W,N,A,-,N,,,,,,,,,,N,3,0,1,2,A,-,21,22106,,N,D,G,A,A,H,-,A,A,0,,Y,Y,,Y,,C,02,0,1,0,0,0,0,1,0,0,"- ","- ",,,MARIN,"MILL VALLEY",-122.52657318115234,37.900775909423828
9306200,2021,2021-09-15,2106,2021-07-19,0752,478,N407,1,5,4,2106,0,0,0,,0,NP4,"ROWLAND BL","DRAKEWOOD LN",405.00,W,N,-,-,N,,,,,,,,,,Y,4,0,1,3,A,-,05,21650,,N,A,E,A,A,H,-,A,D,0,,,,,Y,,A,01,0,0,1,0,0,0,0,0,0,"- ","- ",38.08721923828125,-122.56890106201172,MARIN,NOVATO,-122.57030487060547,38.086753845214844
9307563,2021,2021-10-12,2109,2021-08-15,2049,641,54,7,5,5,2109,0,0,0,,0,006,"SMITH RANCH RD","RT 101",10.00,E,N,A,-,N,,,,,,,,,,Y,3,0,1,2,A,-,01,23152,A,N,C,C,A,A,H,-,C,A,0,,,,,Y,Y,A,01,0,1,0,0,0,0,0,0,0,"- ",NF,38.019779205322266,-122.53507995605469,MARIN,"SAN RAFAEL",,
9308347,2021,2021-08-31,2108,2021-07-05,1804,102,3,1,5,3,2108,0,0,0,,0,003,"SIR FRANCIS DRAKE BL","SAN FRANCISCO BL",32.00,E,N,A,-,N,,,,,,,,,,N,2,0,1,2,A,-,03,22350,,N,C,C,A,A,H,-,A,A,0,,,Y,,Y,,C,02,1,0,0,0,0,0,0,0,1,"- ","- ",37.982349395751953,-122.56894683837891,MARIN,"SAN ANSELMO",-122.56883239746094,37.982276916503906
9308348,2021,2021-08-30,2104,2021-07-16,1020,078,1A,5,5,3,2104,0,0,0,,0,002,"MAGNOLIA AV","SKYLARK DR",0.00,,Y,A,-,N,,,,,,,,,,N,3,0,1,2,A,-,09,21800,B,N,D,C,A,A,H,-,A,D,0,,,,,Y,,A,01,0,1,0,0,0,0,0,0,0,"- ","- ",37.944789886474609,-122.54293823242188,MARIN,LARKSPUR,-122.54305267333984,37.944782257080078
9308350,2021,2021-08-31,2104,2021-07-20,1748,143,1,2,5,3,2104,0,0,0,,0,002,"RIVIERA CIR","CORTE DEL BAYO",223.00,S,N,A,-,N,,,,,,,,,,N,3,0,1,4,A,-,03,22350,,N,H,G,A,A,H,-,A,D,0,,Y,,,Y,,L,04,0,1,0,0,0,0,1,0,0,"- ","- ",,,MARIN,LARKSPUR,-122.52660369873047,37.940059661865234
9312361,2021,2021-09-09,2109,2021-08-14,1014,592,39,6,5,5,2109,0,0,0,,0,003,"ANDERSON DR","FRANCISCO BL",184.00,W,N,A,-,N,,,,,,,,,,N,3,0,1,2,A,-,09,21800,A,N,B,G,A,A,H,-,A,B,0,,Y,,,Y,,A,07,0,1,0,0,0,0,1,0,0,"- ","- ",37.960289001464844,-122.51175689697266,MARIN,"SAN RAFAEL",-122.51219177246094,37.96063232421875
9317428,2021,2021-10-05,2106,2021-08-18,2016,405,,3,5,4,2106,0,0,0,,0,NP3,"ALAMEDA DEL PRADO","CLAY CT",845.00,N,N,A,-,N,,,,,,,,,,Y,4,0,2,2,A,-,06,21755,,N,B,C,A,A,H,-,C,A,0,,,,,Y,Y,A,01,0,0,2,0,0,0,0,0,0,"- ","- ",38.048210144042969,-122.53330993652344,MARIN,NOVATO,-122.53228759765625,38.050434112548828
9317429,2021,2021-10-05,2106,2021-08-03,1555,473,N319,2,5,4,2106,0,0,0,,0,NP3,"MARIN VALLEY DR","BOLLING DR",137.00,S,N,A,-,N,,,,,,,,,,Y,4,0,1,2,A,-,09,21804,A,N,D,C,A,A,C,-,A,D,0,,,,,Y,,A,07,0,0,1,0,0,0,0,0,0,"- ","- ",38.050991058349609,-122.53016662597656,MARIN,NOVATO,-122.53002166748047,38.050449371337891
9324352,2021,2021-12-23,2109,2021-09-06,1157,551,7,1,5,5,2109,0,0,0,,0,001,"2ND ST","D ST",0.00,,Y,A,-,N,,,,,,,,,,N,3,0,1,2,A,-,17,21657,,N,H,G,A,A,H,-,A,A,0,,Y,,,Y,,L,04,0,1,0,0,0,0,1,0,0,"- ","- ",37.971561431884766,-122.53231048583984,MARIN,"SAN RAFAEL",-122.53231048583984,37.9715576171875
9325153,2021,2021-10-20,2109,2021-09-06,0832,657,20,1,5,5,2109,0,0,0,,0,003,"VIVIAN WY","BELVERDERE ST",194.00,,N,A,-,N,,,,,,,,,,Y,4,0,1,3,A,-,03,22350,,N,C,C,A,A,H,-,A,D,0,,,,,Y,,D,22,0,0,1,0,0,0,0,0,0,"- ","- ",37.963630676269531,-122.50773620605469,MARIN,"SAN RAFAEL",-122.50753784179688,37.964401245117188
9325169,2021,2021-09-30,2109,2021-08-21,2300,648,37,6,5,5,2109,0,0,0,,0,002,"WOODLAND AV","SIEBEL ST",88.00,E,N,A,-,N,,,,,,,,,,N,4,0,1,2,A,-,08,22107,,M,B,C,A,A,H,-,C,D,0,,,,,Y,Y,D,73,0,0,1,0,0,0,0,0,0,"- ","- ",,,MARIN,"SAN RAFAEL",-122.52635192871094,37.964496612548828
9326517,2021,2021-10-14,2104,2021-08-10,1325,094,1C,2,5,3,2104,0,0,0,,0,002,"ESFD BL","LARKSPUR LANDING CIR",104.00,E,N,A,-,N,,,,,,,,,,N,3,0,1,2,A,-,08,22107,,N,B,C,A,A,H,-,A,D,0,,,,,Y,,A,01,0,1,0,0,0,0,0,0,0,"- ","- ",,,MARIN,LARKSPUR,,
9326533,2021,2021-11-16,2106,2021-09-14,1545,473,N121,2,5,4,2106,0,0,0,,0,NP1,"SAN CARLOS WY","SAN MARIN DR W",405.00,W,N,A,-,N,,,,,,,,,,Y,4,0,1,4,A,-,21,22106,,N,B,D,A,A,H,-,A,D,0,,,,,Y,,A,07,0,0,1,0,0,0,0,0,0,"- ","- ",38.118900299072266,-122.60913848876953,MARIN,NOVATO,-122.60916900634766,38.118980407714844
9326541,2021,2021-11-30,2104,2021-09-14,1736,078,,2,5,3,2104,0,0,0,,0,002,GREENBRAE,"PORTAL DR",14.00,E,N,A,-,N,,,,,,,,,,N,4,0,1,2,A,-,03,22350,,N,C,C,A,A,H,-,A,D,0,,,,,Y,,D,72,0,0,1,0,0,0,0,0,0,"- ","- ",37.947219848632812,-122.52947998046875,MARIN,LARKSPUR,,
9326572,2021,2021-11-18,2109,2021-09-22,1253,524,39,3,5,5,2109,0,0,0,,0,003,"ANDERSON DR","IRWIN AV",10.00,W,N,A,-,N,,,,,,,,,,N,3,0,1,2,A,-,03,22350,,N,C,C,A,A,H,-,A,A,0,,,,,Y,,D,22,0,1,0,0,0,0,0,0,0,"- ","- ",37.966289520263672,-122.52188873291016,MARIN,"SAN RAFAEL",-122.52191162109375,37.966255187988281
9326641,2021,2021-10-20,2102,2021-08-22,1405,094,2,7,5,2,2102,0,0,0,,0,001,"CORTE MADERA AV","1ST ST",0.00,,Y,A,-,N,,,,,,,,,,N,3,0,1,2,A,-,06,21755,A,N,H,G,A,A,H,-,A,D,0,,Y,,,Y,,L,04,0,1,0,0,0,0,1,0,0,"- ","- ",37.925670623779297,-122.52999877929688,MARIN,"CORTE MADERA",-122.52987670898438,37.925758361816406
9326642,2021,2021-10-22,2102,2021-08-18,1149,078,2A,3,5,2,2102,0,0,0,,0,001,"MOHAWK AV","MONONA DR",3.00,N,N,A,-,N,,,,,,,,,,N,3,0,1,2,A,-,09,21801,A,N,D,C,A,A,H,-,A,D,0,,,,,Y,,A,01,0,1,0,0,0,0,0,0,0,"- ","- ",37.928379058837891,-122.52168273925781,MARIN,"CORTE MADERA",-122.52165985107422,37.928379058837891
9326665,2021,2021-10-22,2106,2021-09-22,1927,405,,3,5,4,2106,0,0,0,,0,NP2,"VINTAGE WY","ROWLAND BL S",591.00,E,N,A,-,N,,,,,,,,,,Y,4,0,1,2,A,-,09,21453,C,N,A,C,A,A,H,-,C,A,0,,,,,Y,,A,01,0,0,1,0,0,0,0,0,0,"- ","- ",38.085941314697266,-122.55020904541016,MARIN,NOVATO,-122.55513763427734,38.093589782714844
9326667,2021,2021-10-22,2106,2021-09-12,1703,424,N101,7,5,4,2106,0,0,0,,0,NP3,"NAVE DR","BOLLING DR",1060.00,S,N,A,-,N,,,,,,,,,,Y,2,0,1,2,A,-,05,21650,1,N,D,G,A,A,H,-,A,D,0,,Y,,,Y,,L,04,1,0,0,0,0,0,1,0,0,"- ","- ",38.051189422607422,-122.53096771240234,MARIN,NOVATO,-122.53130340576172,38.048320770263672
9326669,2021,2021-10-22,2102,2021-09-20,0850,026,2,1,5,2,2102,0,0,0,,0,001,"TAMALPAIS DR","RT 580",0.00,,Y,A,-,N,,,,,,,,,,Y,3,0,1,2,-,-,"- ",,A,N,D,C,A,A,H,-,A,A,0,,,,,Y,,A,01,0,1,0,0,0,0,0,0,0,"- ","- ",37.927539825439453,-122.51757049560547,MARIN,"CORTE MADERA",,
9326670,2021,2021-10-22,2109,2021-09-08,1227,551,16,3,5,5,2109,0,0,0,,0,002,"4TH ST","A ST",75.00,E,N,A,-,N,,,,,,,,,,N,4,0,1,2,A,-,21,22106,,N,B,C,A,A,H,-,A,D,0,,,,,Y,,A,01,0,0,1,0,0,0,0,0,0,"- ","- ",37.973140716552734,-122.52821350097656,MARIN,"SAN RAFAEL",-122.5279541015625,37.973121643066406
9326675,2021,2021-10-22,2109,2021-09-09,1130,630,50,4,5,5,2109,0,0,0,,0,005,"DEL PRESIDIO BL","MANUEL T FREITAS PKWY",0.00,,Y,A,-,N,,,,,,,,,,N,4,0,1,2,A,-,03,22350,,N,C,C,A,A,H,-,A,A,0,,,,,Y,,A,01,0,0,1,0,0,0,0,0,0,"- ","- ",,,MARIN,"SAN RAFAEL",-122.54392242431641,38.007289886474609
9326869,2021,2021-11-01,2105,2021-09-28,1630,MV6240,90002,2,5,3,2105,0,0,0,,0,MV2,"EAST BLITHEDALE AV","CAMINO ALTO",0.00,,Y,B,C,N,,,,,,,,,,N,4,0,1,2,A,-,03,22350,,N,C,C,A,B,H,-,A,A,0,,,,,Y,,A,01,0,0,1,0,0,0,0,0,0,"- ","- ",,,MARIN,"MILL VALLEY",-122.52867126464844,37.900413513183594
9326871,2021,2021-10-29,2105,2021-09-02,1509,MV6238,90001,4,5,3,2105,0,0,0,,0,MV2,"HAMILTON DR","SHELTER BAY AV",50.00,E,N,A,-,N,,,,,,,,,,N,3,0,1,1,A,-,03,22350,,N,F,I,A,A,H,-,A,D,0,,Y,,,Y,,L,04,0,1,0,0,0,0,1,0,0,"- ","- ",,,MARIN,"MILL VALLEY",-122.51850891113281,37.893379211425781
9337464,2021,2021-10-19,2109,2021-09-18,2334,591,10,6,5,5,2109,0,0,0,,0,001,"MIRAMAR AV","RESERVOIR RD",560.00,S,N,A,-,N,,,,,,,,,,Y,3,0,1,2,A,-,01,23152,A,N,C,E,A,A,H,-,C,D,0,,,,,Y,Y,A,01,0,1,0,0,0,0,0,0,0,"- ","- ",37.9716796875,-122.53707122802734,MARIN,"SAN RAFAEL",-122.53945159912109,37.970298767089844
9337465,2021,2021-10-19,2109,2021-09-20,1859,657,21,1,5,5,2109,0,0,0,,0,003,"BELVEDERE ST","BELLAM BL",0.00,,Y,A,-,N,,,,,,,,,,N,4,0,1,2,A,-,05,21650,,N,H,G,A,A,H,-,B,D,0,,Y,,,Y,Y,L,04,0,0,1,0,0,0,1,0,0,"- ","- ",37.962078094482422,-122.50286102294922,MARIN,"SAN RAFAEL",-122.50263977050781,37.961368560791016
9337569,2021,2021-11-02,2109,2021-09-03,1236,513,53,5,5,5,2109,0,0,0,,0,006,"SMITH RANCH RD","DEER VALLEY RD",0.00,,Y,A,-,N,,,,,,,,,,Y,3,0,1,1,A,-,00,22017,,N,E,I,A,A,H,-,A,A,0,,,,,Y,,A,01,0,1,0,0,0,0,0,0,0,"- ","- ",38.019500732421875,-122.53111267089844,MARIN,"SAN RAFAEL",-122.53109741210938,38.019428253173828
9338472,2021,2021-10-19,2106,2021-09-17,0540,415,,5,5,4,2106,0,0,0,,0,,"SAN MARIN DR","SERENO WY",408.00,W,N,A,-,N,,,,,,,,,,N,3,0,1,3,A,-,01,23152,F,N,C,E,A,A,H,-,C,D,0,,,,,Y,,A,01,0,1,0,0,0,0,0,0,0,"- ","- ",38.1239013671875,-122.58741760253906,MARIN,NOVATO,-122.58893585205078,38.124538421630859
9338474,2021,2021-10-19,2106,2021-09-09,0819,381,N401,4,5,4,2106,0,0,0,,0,NP4,"SOUTH NOVATO BL","ADELE ST",0.00,,Y,A,-,N,,,,,,,,,,N,4,0,2,4,A,-,09,21801,A,N,D,C,A,A,H,-,A,A,0,,,,,Y,,A,01,0,0,2,0,0,0,0,0,0,"- ","- ",38.090919494628906,-122.56678771972656,MARIN,NOVATO,-122.56697082519531,38.090770721435547
9338746,2021,2021-10-12,2106,2021-08-24,1400,343,,2,5,4,2106,0,0,0,,0,NP1,"SAN MARIN DR","SAN CARLOS WY W",0.00,,Y,A,-,N,,,,,,,,,,N,4,0,1,2,A,-,10,21950,A,N,G,B,B,A,H,-,A,A,0,Y,,,,Y,,A,01,0,0,1,0,1,0,0,0,0,"- ","- ",38.118900299072266,-122.60913848876953,MARIN,NOVATO,-122.60916900634766,38.118976593017578
9339801,2021,2021-10-21,2109,2021-10-01,1018,606,16,5,5,5,2109,0,0,0,,0,002,"A ST","4TH ST",12.00,S,N,A,-,N,,,,,,,,,,N,3,0,1,2,A,-,00,21954,,N,G,B,B,A,H,-,A,A,0,Y,,,,Y,,N,60,0,1,0,0,1,0,0,0,0,"- ","- ",37.973140716552734,-122.52821350097656,MARIN,"SAN RAFAEL",-122.52821350097656,37.973106384277344
9343798,2021,2021-10-29,2110,2021-09-25,1124,SP5272,10000,6,5,2,2110,0,0,0,,0,SP2,BRIDGEWAY,"PINE ST",0.00,,Y,A,-,N,,,,,,,,,,N,4,0,1,2,A,-,03,22350,,N,G,B,B,A,H,-,A,D,0,Y,Y,,,Y,,L,04,0,0,1,0,1,0,0,0,0,"- ","- ",,,MARIN,SAUSALITO,-122.48490905761719,37.859138488769531
9347728,2021,2021-10-27,2103,2021-09-14,2345,156,CASCD,2,5,2,2103,0,0,0,,0,PAT,"CASCADE DR","LAUREL DR",473.00,E,N,A,-,N,,,,,,,,,,Y,3,0,1,1,A,-,01,23152,A,N,H,A,A,A,H,-,D,D,0,,,Y,,Y,Y,C,03,0,1,0,0,0,0,0,0,1,"- ","- ",37.980209350585938,-122.59702301025391,MARIN,FAIRFAX,-122.59746551513672,37.979804992675781
9347743,2021,2021-12-01,2103,2021-10-15,1542,181,DNTN,5,5,2,2103,0,0,0,,0,PAT,BROADWAY,"CLAUS DR",0.00,,Y,A,-,N,,,,,,,,,,N,4,0,1,2,A,-,21,22106,,N,H,G,A,A,H,-,A,A,0,,Y,,,Y,,-,,0,0,1,0,0,0,1,0,0,"- ","- ",37.986919403076172,-122.58953094482422,MARIN,FAIRFAX,-122.58950805664062,37.987117767333984
9349243,2021,2021-10-26,2109,2021-09-14,0629,648,21,2,5,5,2109,0,0,0,,0,003,"CANAL ST","FAIRFAX ST",65.00,W,N,A,-,N,,,,,,,,,,N,4,0,1,2,A,-,21,22106,,N,H,C,A,A,H,-,B,D,0,,,,,Y,,D,22,0,0,1,0,0,0,0,0,0,"- ","- ",37.966838836669922,-122.50495910644531,MARIN,"SAN RAFAEL",-122.50482940673828,37.966266632080078
9349391,2021,2021-10-27,2109,2021-09-23,1835,659,17,4,5,5,2109,0,0,0,,0,002,"4TH ST","HETHERTON ST",0.00,,Y,A,-,N,,,,,,,,,,N,3,0,1,2,A,-,17,21451,A,N,D,C,A,A,H,-,A,A,0,,,,,Y,,A,01,0,1,0,0,0,0,0,0,0,"- ","- ",37.972389221191406,-122.52195739746094,MARIN,"SAN RAFAEL",-122.52194976806641,37.972385406494141
9350772,2021,2021-11-06,2109,2021-10-08,1647,658,14,5,5,5,2109,0,0,0,,0,002,"5TH AV","LINCOLN AV",0.00,,Y,A,-,N,,,,,,,,,,Y,4,0,1,2,A,-,08,22107,,N,B,C,A,A,H,-,A,A,0,,,,,Y,,A,01,0,0,1,0,0,0,0,0,0,"- ","- ",37.973411560058594,-122.52362823486328,MARIN,"SAN RAFAEL",-122.52364349365234,37.973377227783203
9350881,2021,2021-12-01,2109,2021-10-13,1057,662,17,3,5,5,2109,0,0,0,,0,002,"LINCOLN AV","3RD ST",0.00,,Y,A,-,N,,,,,,,,,,N,3,0,1,2,A,-,09,21801,A,N,A,C,A,A,H,-,A,D,0,,Y,,,Y,,A,01,0,1,0,0,0,0,1,0,0,"- ","- ",37.971660614013672,-122.52406311035156,MARIN,"SAN RAFAEL",-122.52407836914062,37.971656799316406
9350883,2021,2021-12-01,2109,2021-10-04,2040,613,14,1,5,5,2109,0,0,0,,0,002,"MISSION AV","LINCOLN AV",0.00,,Y,A,-,N,,,,,,,,,,N,3,0,1,2,A,-,10,21950,,F,G,B,B,A,H,-,C,A,0,Y,,,,Y,,A,01,0,1,0,0,1,0,0,0,0,"- ","- ",37.974300384521484,-122.52340698242188,MARIN,"SAN RAFAEL",-122.52340698242188,37.97430419921875
9351735,2021,2021-11-15,2109,2021-10-22,0856,655,21,5,5,5,2109,0,0,0,,0,003,"CANAL ST","NOVATO ST",0.00,,Y,A,-,N,,,,,,,,,,N,4,0,1,2,A,-,08,22107,,N,G,B,C,A,H,-,A,D,0,Y,,,,Y,,A,01,0,0,1,0,1,0,0,0,0,"- ","- ",37.9658203125,-122.50576782226562,MARIN,"SAN RAFAEL",-122.50579833984375,37.965835571289062
9352345,2021,2021-12-03,2106,2021-10-27,1342,421,N415,3,5,4,2106,0,0,0,,0,NP4,"CENTER RD","DIABLO AV",89.00,E,N,A,-,N,,,,,,,,,,N,3,0,2,2,A,-,01,23152,A,N,C,E,A,A,H,-,A,A,0,,,,,Y,Y,A,01,0,2,0,0,0,0,0,0,0,"- ","- ",38.100379943847656,-122.57539367675781,MARIN,NOVATO,-122.57505798339844,38.100238800048828
9352447,2021,2021-12-16,2106,2021-10-27,1906,405,,3,5,4,2106,0,0,0,,0,NP1,"SAN MARIN DR","SAN ANDREAS DR",0.00,,Y,A,-,N,,,,,,,,,,N,4,0,1,2,A,-,09,21802,A,N,B,C,A,A,H,-,C,A,0,,,,,Y,,A,01,0,0,1,0,0,0,0,0,0,"- ","- ",38.1219482421875,-122.60134887695312,MARIN,NOVATO,-122.6014404296875,38.122173309326172
9352448,2021,2021-12-16,2106,2021-10-25,1403,405,,1,5,4,2106,0,0,0,,0,,"NOVATO BL","SANDY CREEK WY",329.00,E,N,A,-,N,,,,,,,,,,N,4,0,1,2,A,-,11,21950,B,N,G,B,C,C,H,-,A,A,0,Y,,,,Y,,A,01,0,0,1,0,1,0,0,0,0,"- ","- ",38.119949340820312,-122.61489868164062,MARIN,NOVATO,-122.61397552490234,38.119426727294922
9352449,2021,2021-12-16,2106,2021-10-25,1700,405,,1,5,4,2106,0,0,0,,0,NP1,"SAN MARIN DR","TANBARK CT",245.00,E,N,A,-,N,,,,,,,,,,Y,3,0,3,2,A,-,05,21460,A,N,A,C,A,A,H,-,A,A,0,,,,,Y,,A,07,0,3,0,0,0,0,0,0,0,"- ","- ",38.120708465576172,-122.58283233642578,MARIN,NOVATO,-122.58208465576172,38.121326446533203
9352451,2021,2021-12-16,2106,2021-10-21,1000,405,,4,5,4,2106,0,0,0,,0,,"SUTRO AV","CENTER RD",0.00,,Y,A,-,N,,,,,,,,,,N,3,0,1,2,A,-,10,21950,A,N,G,B,B,-,H,-,A,A,0,Y,,,,Y,,A,01,0,1,0,0,1,0,0,0,0,"- ","- ",38.112140655517578,-122.61158752441406,MARIN,NOVATO,-122.61144256591797,38.112129211425781
9352452,2021,2021-12-16,2106,2021-10-23,1247,420,,6,5,4,2106,0,0,0,,0,,"NOVATO BL","SUTRO AV",0.00,,Y,B,-,N,,,,,,,,,,N,3,0,1,2,A,-,05,21651,B,N,D,G,A,A,H,-,A,D,0,,Y,,,Y,,L,04,0,1,0,0,0,0,1,0,0,"- ","- ",38.117908477783203,-122.60971832275391,MARIN,NOVATO,-122.60973358154297,38.117881774902344
9354995,2021,2021-11-15,2106,2021-10-06,1216,299,N305,3,5,4,2106,0,0,0,,0,NP3,"BEL MARIN KEYS BL","GALLI DR",80.00,N,N,A,-,N,,,,,,,,,,Y,4,0,1,3,A,-,05,21650,,N,A,E,A,A,H,-,A,D,0,,,,,Y,,A,07,0,0,1,0,0,0,0,0,0,"- ","- ",38.073539733886719,-122.53739166259766,MARIN,NOVATO,-122.53767395019531,38.074123382568359
9354997,2021,2021-11-15,2106,2021-10-18,0830,299,N401,1,5,4,2106,0,0,0,,0,NP4,"VALLEJO AV","4TH ST",0.00,,Y,A,-,N,,,,,,,,,,Y,4,0,2,2,A,-,12,22450,A,N,D,C,A,A,H,-,A,D,0,,,,,Y,,A,01,0,0,2,0,0,0,0,0,0,"- ","- ",38.110500335693359,-122.57386779785156,MARIN,NOVATO,-122.57405853271484,38.110481262207031