CASE_ID,ACCIDENT_YEAR,PROC_DATE,JURIS,COLLISION_DATE,COLLISION_TIME,OFFICER_ID,REPORTING_DISTRICT,DAY_OF_WEEK,CHP_SHIFT,POPULATION,CNTY_CITY_LOC,SPECIAL_COND,BEAT_TYPE,CHP_BEAT_TYPE,CITY_DIVISION_LAPD,CHP_BEAT_CLASS,BEAT_NUMBER,PRIMARY_RD,SECONDARY_RD,DISTANCE,DIRECTION,INTERSECTION,WEATHER_1,WEATHER_2,STATE_HWY_IND,CALTRANS_COUNTY,CALTRANS_DISTRICT,STATE_ROUTE,ROUTE_SUFFIX,POSTMILE_PREFIX,POSTMILE,LOCATION_TYPE,RAMP_INTERSECTION,SIDE_OF_HWY,TOW_AWAY,COLLISION_SEVERITY,NUMBER_KILLED,NUMBER_INJURED,PARTY_COUNT,PRIMARY_COLL_FACTOR,PCF_CODE_OF_VIOL,PCF_VIOL_CATEGORY,PCF_VIOLATION,PCF_VIOL_SUBSECTION,HIT_AND_RUN,TYPE_OF_COLLISION,MVIW,PED_ACTION,ROAD_SURFACE,ROAD_COND_1,ROAD_COND_2,LIGHTING,CONTROL_DEVICE,CHP_ROAD_TYPE,PEDESTRIAN_ACCIDENT,BICYCLE_ACCIDENT,MOTORCYCLE_ACCIDENT,TRUCK_ACCIDENT,NOT_PRIVATE_PROPERTY,ALCOHOL_INVOLVED,STWD_VEHTYPE_AT_FAULT,CHP_VEHTYPE_AT_FAULT,COUNT_SEVERE_INJ,COUNT_VISIBLE_INJ,COUNT_COMPLAINT_PAIN,COUNT_PED_KILLED,COUNT_PED_INJURED,COUNT_BICYCLIST_KILLED,COUNT_BICYCLIST_INJURED,COUNT_MC_KILLED,COUNT_MC_INJURED,PRIMARY_RAMP,SECONDARY_RAMP,LATITUDE,LONGITUDE,COUNTY,CITY,POINT_X,POINT_Y
9355764,2021,2021-11-10,2109,2021-10-10,1405,606,16,7,5,5,2109,0,0,0,,0,002,"3RD ST","A ST",0.00,,Y,A,-,N,,,,,,,,,,N,4,0,1,2,A,-,12,21453,,N,D,C,A,A,H,-,A,A,0,,,,,Y,,A,01,0,0,1,0,0,0,0,0,0,"- ","- ",37.972171783447266,-122.52837371826172,MARIN,"SAN RAFAEL",-122.52838134765625,37.972160339355469
9355829,2021,2021-10-29,2109,2021-10-16,1228,537,42,6,5,5,2109,0,0,0,,0,005,"NORTHGATE DR","ENTRANCE TO KOHLS PARKING LOT",0.00,,Y,A,-,N,,,,,,,,,,N,3,0,1,2,A,-,10,21950,,N,G,B,B,A,H,-,A,D,0,Y,,,,Y,,A,08,0,1,0,0,1,0,0,0,0,"- ","- ",38.004570007324219,-122.55525970458984,MARIN,"SAN RAFAEL",,
9355889,2021,2021-11-08,2106,2021-10-24,1355,473,N211,7,5,4,2106,0,0,0,,0,NP2,"ATHERTON AV","RT 101",0.00,,Y,C,-,Y,MRN,4,101,-,R,21.809,R,4,N,Y,4,0,1,2,A,-,12,21453,A,N,D,C,A,B,H,-,A,A,0,,,,,Y,,A,01,0,0,1,0,0,0,0,0,0,"- ",NF,38.117038726806641,-122.46446990966797,MARIN,NOVATO,-122.56452941894531,38.114906311035156
9360967,2021,2021-11-29,2109,2021-10-29,1600,658,7,5,5,5,2109,0,0,0,,0,001,"H ST","5TH AV",0.00,,Y,A,-,N,,,,,,,,,,N,3,0,1,2,A,-,10,21950,,N,A,C,A,A,H,-,A,D,0,,Y,,,Y,,A,08,0,1,0,0,0,0,0,0,0,"- ","- ",37.975189208984375,-122.53846740722656,MARIN,"SAN RAFAEL",-122.53847503662109,37.975193023681641
9363495,2021,2021-12-02,2105,2021-10-01,1544,MV6238,90000,5,5,3,2105,0,0,0,,0,MV2,"EAST BLITHEDALE AV","ASHFORD AV",832.00,W,N,A,-,N,,,,,,,,,,Y,4,0,1,3,A,-,03,22350,,N,C,C,A,A,H,-,A,D,0,,,,,Y,,A,01,0,0,1,0,0,0,0,0,0,"- ","- ",,,MARIN,"MILL VALLEY",-122.52271270751953,37.904041290283203
9364497,2021,2021-12-09,2107,2021-09-03,1430,R030,350,5,5,1,2107,0,0,0,,0,001,"SIR FRANCIS DRAKE BL","RIDGEVIEW DR",51.00,S,N,A,-,N,,,,,,,,,,Y,4,0,1,3,A,-,03,22350,,N,C,C,A,A,H,-,A,D,0,,,,,Y,,A,01,0,0,1,0,0,0,0,0,0,"- ","- ",37.960990905761719,-122.55287933349609,MARIN,ROSS,-122.55404663085938,37.960491180419922
9366745,2021,2021-12-24,2110,2021-11-26,1334,SP5240,10000,5,5,2,2110,0,0,0,,0,SP2,BRIDGEWAY,"NEVADA ST",90.00,S,N,A,-,N,,,,,,,,,,N,3,0,1,2,A,-,03,22350,,N,C,G,A,A,G,-,A,A,0,,Y,,,Y,,L,04,0,1,0,0,0,0,1,0,0,"- ","- ",,,MARIN,SAUSALITO,-122.49900817871094,37.865039825439453
9368069,2021,2021-12-18,2109,2021-11-10,1045,646,7,3,5,5,2109,0,0,0,,0,001,"E ST","4TH ST",0.00,,Y,A,-,N,,,,,,,,,,N,2,0,1,2,A,-,10,21950,A,N,G,B,B,A,H,-,A,A,0,Y,,,,Y,,D,22,1,0,0,0,1,0,0,0,0,"- ","- ",37.973640441894531,-122.53324890136719,MARIN,"SAN RAFAEL",-122.53327178955078,37.973663330078125
9368216,2021,2021-12-20,2109,2021-11-10,0945,476,43,3,5,5,2109,0,0,0,,0,005,"LAS GALLINAS AV","ALBION WY",175.00,N,N,A,-,N,,,,,,,,,,N,3,0,1,2,A,-,09,21801,B,N,H,G,A,A,H,-,A,D,0,,Y,,,Y,,L,04,0,1,0,0,0,0,1,0,0,"- ","- ",38.008159637451172,-122.54889678955078,MARIN,"SAN RAFAEL",-122.54912567138672,38.008651733398438
9370366,2021,2021-12-31,2106,2021-11-22,0703,482,N430,1,5,4,2106,0,0,0,,0,NP4,"GRANT AV","REDWOOD BL",0.00,,Y,A,-,N,,,,,,,,,,Y,4,0,1,2,A,-,08,22100,A,N,D,C,A,A,H,-,B,A,0,,,,,Y,,A,01,0,0,1,0,0,0,0,0,0,"- ","- ",38.106861114501953,-122.57054901123047,MARIN,NOVATO,-122.57038879394531,38.107566833496094
9370496,2021,2022-01-06,2106,2021-12-04,1431,415,,6,5,4,2106,0,0,0,,0,,"SOUTH NOVATO BL","LARK CT",15.00,N,N,A,-,N,,,,,,,,,,N,4,0,1,2,A,-,03,22350,,N,C,C,A,A,H,-,A,D,0,,,,,Y,,A,01,0,0,1,0,0,0,0,0,0,"- ","- ",38.095840454101562,-122.56939697265625,MARIN,NOVATO,-122.56927490234375,38.095958709716797
9370529,2021,2021-12-27,2109,2021-11-17,0751,646,16,3,5,5,2109,0,0,0,,0,002,"3RD ST","A ST",0.00,,Y,A,-,N,,,,,,,,,,Y,3,0,2,2,A,-,12,21453,A,N,D,C,A,A,H,-,A,A,0,,,,,Y,,A,01,0,2,0,0,0,0,0,0,0,"- ","- ",37.972171783447266,-122.52837371826172,MARIN,"SAN RAFAEL",-122.52838134765625,37.972160339355469
9372703,2021,2021-12-17,2109,2021-11-08,1145,433,26,1,5,5,2109,0,0,0,,0,,"GRAND AV","BELLE AV",0.00,,Y,A,-,N,,,,,,,,,,N,4,0,1,2,A,-,03,22350,,N,C,C,A,A,H,-,A,A,0,,,,,Y,,A,07,0,0,1,0,0,0,0,0,0,"- ","- ",37.975051879882812,-122.51850128173828,MARIN,"SAN RAFAEL",-122.51850128173828,37.975059509277344
9372707,2021,2021-12-17,2109,2021-11-22,0750,646,38,1,5,5,2109,0,0,0,,0,003,"WOODLAND AV","IRWIN ST",0.00,,Y,A,-,N,,,,,,,,,,N,3,0,2,3,A,-,10,21950,A,N,G,B,B,A,H,-,A,A,0,Y,,,,Y,,D,22,0,2,0,0,2,0,0,0,0,"- ","- ",37.963348388671875,-122.52101898193359,MARIN,"SAN RAFAEL",-122.52104949951172,37.963348388671875
9373598,2021,2021-12-23,2105,2021-11-22,1047,MV6208,90003,1,5,3,2105,0,0,0,,0,MV2,"ROQUE MORAES DR","E BIRTHEDALE AV",90.00,S,N,A,-,N,,,,,,,,,,Y,4,0,1,2,A,-,03,22350,,N,C,E,A,A,H,-,A,D,0,,,Y,,Y,,A,01,0,0,1,0,0,0,0,0,0,"- ","- ",,,MARIN,"MILL VALLEY",-122.5263671875,37.900577545166016
9374173,2021,2022-01-04,2105,2021-11-19,1247,MV6236,90000,5,5,3,2105,0,0,0,,0,MV2,"MILLER AV","PARK AV",0.00,,Y,B,-,N,,,,,,,,,,Y,3,0,1,2,A,-,09,21802,A,N,D,C,A,B,H,-,A,A,0,,,,,Y,,A,01,0,1,0,0,0,0,0,0,0,"- ","- ",,,MARIN,"MILL VALLEY",-122.54158020019531,37.9013671875
9375167,2021,2021-12-16,2106,2021-11-24,1309,473,N123,3,5,4,2106,0,0,0,,0,NP1,"NOVATO BL","SAN MIGUEL WY",265.00,S,N,A,-,N,,,,,,,,,,Y,4,0,1,1,A,-,08,22107,,N,E,I,A,A,H,-,A,D,0,,,,,Y,,A,01,0,0,1,0,0,0,0,0,0,"- ","- ",38.115379333496094,-122.60485076904297,MARIN,NOVATO,-122.60415649414062,38.114891052246094
9375168,2021,2021-12-16,2106,2021-11-08,1743,489,,1,5,4,2106,0,0,0,,0,NP4,"INDIAN VALLEY RD","AVICHI KNOLLS DR",0.00,,Y,C,-,N,,,,,,,,,,N,4,0,1,2,A,-,09,21801,A,N,D,C,A,B,H,-,D,D,0,,,,,Y,,A,08,0,0,1,0,0,0,0,0,0,"- ","- ",38.093910217285156,-122.57666778564453,MARIN,NOVATO,-122.57646179199219,38.093868255615234
9378815,2021,2021-12-22,2109,2021-12-04,1514,537,54,6,5,5,2109,0,0,0,,0,006,"SMITH RANCH RD","REDWOOD HWY",542.00,E,N,A,-,N,,,,,,,,,,N,3,0,1,2,A,-,09,21804,A,N,H,C,A,A,H,-,A,D,0,,,Y,,Y,,A,01,0,1,0,0,0,0,0,0,1,"- ","- ",38.018730163574219,-122.53164672851562,MARIN,"SAN RAFAEL",-122.53740692138672,38.020423889160156
9380611,2021,2022-02-01,2103,2021-11-24,1940,174,DNTN,3,5,2,2103,0,0,0,,0,PAT,"SIR FRANCIS DRAKE BL","CLAUS DR",0.00,,Y,A,-,N,,,,,,,,,,N,2,0,1,2,A,-,11,21950,B,N,G,B,B,A,H,-,C,A,0,Y,,,,Y,Y,N,60,1,0,0,0,1,0,0,0,0,"- ","- ",37.987548828125,-122.58866882324219,MARIN,FAIRFAX,-122.58948516845703,37.987388610839844
9380824,2021,2022-01-25,2103,2021-12-06,1441,177,EAST,1,5,2,2103,0,0,0,,0,PAT,"PASTORI AV","BELMONT AV",0.00,,Y,A,-,N,,,,,,,,,,N,3,0,1,2,A,-,08,22107,,N,D,C,A,A,H,-,A,A,0,,,,,Y,,A,01,0,1,0,0,0,0,0,0,0,"- ","- ",37.985889434814453,-122.58258819580078,MARIN,FAIRFAX,-122.58260345458984,37.985866546630859
9382522,2021,2022-01-06,2108,2021-09-28,1807,078,3,2,5,3,2108,0,0,0,,0,003,"SIR FRANCIS DRAKE BL","KENT AV",161.00,E,N,A,-,N,,,,,,,,,,N,3,0,2,2,A,-,04,21703,,N,C,C,A,A,H,-,A,D,0,,,,,Y,,D,22,0,1,1,0,0,0,0,0,0,"- ","- ",37.986900329589844,-122.58087158203125,MARIN,"SAN ANSELMO",-122.58055877685547,37.986621856689453
9382524,2021,2022-01-06,2104,2021-11-14,1100,078,1C,7,5,3,2104,0,0,0,,0,002,"E SFDB","LARKSPUR LANDING CIR",670.00,E,N,A,-,N,,,,,,,,,,N,3,0,2,2,A,-,08,22107,,N,-,D,A,A,H,-,A,D,0,,,,,Y,,D,22,0,2,0,0,0,0,0,0,0,"- ","- ",37.948009490966797,-122.50849914550781,MARIN,LARKSPUR,-122.50721740722656,37.947238922119141
9382525,2021,2022-01-19,2102,2021-11-10,1732,117,2A,3,5,2,2102,0,0,0,,0,001,"TAMALPAIS DR","PIXLEY AV",116.00,W,N,A,-,N,,,,,,,,,,N,4,0,1,3,A,-,03,22350,,N,C,C,A,A,H,-,B,D,0,,,,,Y,,D,72,0,0,1,0,0,0,0,0,0,"- ","- ",37.925868988037109,-122.52687072753906,MARIN,"CORTE MADERA",-122.52695465087891,37.925529479980469
9382526,2021,2022-01-03,2108,2021-11-06,1530,101,3,6,5,3,2108,0,0,0,,0,003,"SIR FRANCIS DRAKE BL","SAN FRANCISCO BL",38.00,W,N,A,-,N,,,,,,,,,,N,3,0,1,2,A,-,08,22107,,N,H,G,A,A,H,-,A,D,0,,Y,,,Y,,L,04,0,1,0,0,0,0,1,0,0,"- ","- ",37.982349395751953,-122.56896209716797,MARIN,"SAN ANSELMO",-122.56902313232422,37.982395172119141
9382527,2021,2022-01-10,2102,2021-10-12,0650,078,2A,2,5,2,2102,0,0,0,,0,001,"TAMAL VISTA BL","TAMAL PLZ",77.00,N,N,A,-,N,,,,,,,,,,N,4,0,1,2,A,-,05,21460,,N,D,C,A,A,H,-,C,D,0,,,,,Y,,A,01,0,0,1,0,0,0,0,0,0,"- ","- ",37.937229156494141,-122.52037048339844,MARIN,"CORTE MADERA",-122.51885986328125,37.936710357666016
9382633,2021,2021-12-23,2108,2021-10-07,0747,138,3,4,5,3,2108,0,0,0,,0,003,"BUTTERFIELD RD","MEADOWCROFT DR",184.00,S,N,A,-,N,,,,,,,,,,N,3,0,4,4,A,-,03,22350,,N,C,C,A,A,H,-,A,D,0,,,,,Y,,A,01,0,4,0,0,0,0,0,0,0,"- ","- ",37.987701416015625,-122.57823181152344,MARIN,"SAN ANSELMO",-122.57806396484375,37.988124847412109
9382634,2021,2021-12-23,2108,2021-10-10,1544,104,3,7,5,3,2108,0,0,0,,0,003,"SIR FRANCIS DRAKE BL","SAUNDERS AV",0.00,,Y,A,-,N,,,,,,,,,,Y,3,0,1,2,A,-,09,21802,A,N,D,C,A,A,H,-,A,D,0,,,,,Y,,A,01,0,1,0,0,0,0,0,0,0,"- ","- ",37.983219146728516,-122.57038116455078,MARIN,"SAN ANSELMO",-122.57041168212891,37.983230590820312
9382639,2021,2021-12-23,2104,2021-10-16,1230,CM150,1,6,5,3,2104,0,0,0,,0,002,"MAGNOLIA AV","WARD ST",162.00,E,N,A,-,N,,,,,,,,,,N,3,0,1,2,A,-,17,22517,,N,B,E,A,A,H,-,A,D,0,,Y,,,Y,,A,01,0,1,0,0,0,0,1,0,0,"- ","- ",37.936080932617188,-122.53518676757812,MARIN,LARKSPUR,-122.53507232666016,37.936496734619141
9383424,2021,2022-01-06,2106,2021-12-10,0017,409,301,5,5,4,2106,0,0,0,,0,NP3,"REDWOOD BL","PALMER DR",98.00,E,N,A,-,N,,,,,,,,,,Y,4,0,1,1,A,-,21,22106,,N,H,I,A,A,H,-,C,D,0,,,,,Y,,A,07,0,0,1,0,0,0,0,0,0,"- ","- ",38.074371337890625,-122.54749298095703,MARIN,NOVATO,-122.54737854003906,38.074436187744141
9383425,2021,2022-01-06,2106,2021-12-04,1710,415,,6,5,4,2106,0,0,0,,0,,"GRANT AV","3RD ST",20.00,E,N,A,-,N,,,,,,,,,,N,4,0,1,2,A,-,03,22350,,N,C,C,A,A,H,-,C,D,0,,,,,Y,,A,01,0,0,1,0,0,0,0,0,0,"- ","- ",38.108211517333984,-122.57343292236328,MARIN,NOVATO,-122.57352447509766,38.108207702636719
9383587,2021,2022-01-14,2102,2021-12-14,1859,109,2,2,5,2,2102,0,0,0,,0,001,"SAUSALITO ST","TAMALPAIS DR",0.00,,Y,A,-,N,,,,,,,,,,N,3,0,1,2,A,-,15,26454,A,N,D,C,A,A,H,-,C,D,0,,,,,Y,,A,01,0,1,0,0,0,0,0,0,0,"- ","- ",,,MARIN,"CORTE MADERA",-122.52230072021484,37.925315856933594
9383588,2021,2022-01-14,2102,2021-12-17,1747,026,2A,5,5,2,2102,0,0,0,,0,001,"TAMALPAIS DR","EASTMAN AV",215.00,E,N,A,-,Y,,,,,,,,,,Y,4,0,2,2,A,-,09,21804,A,N,D,C,A,A,H,-,C,B,0,,,,,Y,,A,01,0,0,2,0,0,0,0,0,0,"- ","- ",37.925930023193359,-122.52330017089844,MARIN,"CORTE MADERA",-122.52313232421875,37.925373077392578
9383591,2021,2022-01-14,2104,2021-12-14,0655,078,1C,2,5,3,2104,0,0,0,,0,002,"EAST SIR FRANCIS DRAKE BL","LARKSPUR LANDING CIR",526.00,E,N,A,-,N,,,,,,,,,,N,3,0,1,1,A,-,03,22350,,N,E,I,A,B,H,-,C,D,0,,,,,Y,,A,01,0,1,0,0,0,0,0,0,0,"- ","- ",,,MARIN,LARKSPUR,-122.50997161865234,37.946502685546875
9383592,2021,2022-01-14,2104,2021-12-07,1253,078,1C,2,5,3,2104,0,0,0,,0,002,"EAST SIR FRANCIS DRAKE BL","LARKSPUR LANDING CIR",18.00,W,N,A,-,N,,,,,,,,,,N,3,0,2,1,A,-,03,22350,,N,E,I,A,-,H,-,A,A,0,,,,,Y,,A,01,0,1,1,0,0,0,0,0,0,"- ","- ",37.948009490966797,-122.50849914550781,MARIN,LARKSPUR,-122.51158142089844,37.94573974609375
9383594,2021,2022-01-14,2102,2021-12-02,1633,103,2,4,5,2,2102,0,0,0,,0,001,"TAMAL VISTA BL","SANDPIPER CIR",71.00,N,N,A,-,N,,,,,,,,,,N,3,0,1,1,A,-,08,22107,,N,E,I,A,A,H,-,A,D,0,,,,,Y,,A,01,0,1,0,0,0,0,0,0,0,"- ","- ",37.933979034423828,-122.518310546875,MARIN,"CORTE MADERA",-122.51860046386719,37.934959411621094
9384622,2021,2022-01-24,2109,2021-12-14,1200,630,22,2,5,5,2109,0,0,0,,0,003,"BELLAM BL","FRANCISCO BL E",0.00,,Y,A,-,N,,,580,,,,,,,Y,3,0,1,2,A,-,12,22450,A,N,D,C,A,A,H,-,A,A,0,,,,,Y,,A,01,0,1,0,0,0,0,0,0,0,"- ","- ",37.960590362548828,-122.50485229492188,MARIN,"SAN RAFAEL",-122.50530242919922,37.959949493408203
9385267,2021,2022-01-11,2109,2021-12-20,1359,635,36,1,5,5,2109,0,0,0,,0,002,"LINCOLN AV","IRWIN ST",600.00,W,N,B,-,N,,,,,,,,,,Y,4,0,1,2,A,-,09,21804,A,N,D,C,A,B,C,-,A,D,0,,,,,Y,,A,01,0,0,1,0,0,0,0,0,0,"- ","- ",37.968288421630859,-122.52406311035156,MARIN,"SAN RAFAEL",-122.52341461181641,37.968414306640625
9385278,2021,2022-01-11,2109,2021-12-28,1143,635,23,2,5,5,2109,0,0,0,,0,003,"KERNER BL","BELLAM BL",195.00,E,N,B,-,N,,,,,,,,,,Y,3,0,2,2,A,-,09,21804,A,N,D,C,A,B,H,-,A,D,0,,,,,Y,,A,01,0,2,0,0,0,0,0,0,0,"- ","- ",37.960990905761719,-122.50211334228516,MARIN,"SAN RAFAEL",-122.50177764892578,37.961055755615234
9385688,2021,2022-01-18,2109,2021-12-11,0405,637,7,6,5,5,2109,0,0,0,,0,001,"4TH ST","E ST",215.00,W,N,A,-,N,,,,,,,,,,N,3,0,2,2,A,-,08,22107,,N,B,E,A,A,H,-,C,D,0,,,,Y,Y,,A,07,0,1,1,0,0,0,0,0,0,"- ","- ",37.973640441894531,-122.53324890136719,MARIN,"SAN RAFAEL",-122.53401184082031,37.973724365234375
9385700,2021,2022-01-18,2109,2021-12-15,0000,613,14,3,5,5,2109,0,0,0,,0,002,"5TH AV","COURT ST",0.00,,Y,C,-,N,,,,,,,,,,N,3,0,1,3,A,-,10,21950,,N,G,B,B,B,H,-,C,A,0,Y,,,,Y,,D,22,0,1,0,0,1,0,0,0,0,"- ","- ",37.974048614501953,-122.52694702148438,MARIN,"SAN RAFAEL",-122.52690887451172,37.974006652832031
9386005,2021,2021-12-30,2104,2021-09-30,1619,138,1,4,5,3,2104,0,0,0,,0,002,"MAGNOLIA AV","DOHERTY DR",230.00,N,N,A,-,N,,,,,,,,,,N,3,0,1,2,A,-,11,21954,A,N,G,B,E,A,H,-,A,D,0,Y,,,,Y,,N,60,0,1,0,0,1,0,0,0,0,"- ","- ",37.938060760498047,-122.5347900390625,MARIN,LARKSPUR,-122.53519439697266,37.938591003417969
9386008,2021,2021-12-30,2104,2021-09-06,2015,CM142,1,1,5,3,2104,0,0,0,,0,002,"MAGNOLIA AV","WILTSHIRE AV",28.00,W,N,A,-,N,,,,,,,,,,N,3,0,1,1,A,-,03,22350,,N,E,J,A,A,H,-,D,D,0,,Y,,,Y,Y,L,04,0,1,0,0,0,0,1,0,0,"- ","- ",37.928619384765625,-122.53276824951172,MARIN,LARKSPUR,-122.53282928466797,37.928691864013672
9386757,2021,2022-01-18,2104,2021-12-11,1544,103,1A,6,5,3,2104,0,0,0,,0,002,"MAGNOLIA AV","BON AIR RD",206.00,N,N,A,-,N,,,,,,,,,,N,3,0,1,2,A,-,04,21703,,N,E,I,A,A,H,-,A,D,0,,,Y,,Y,,C,03,0,1,0,0,0,0,0,0,1,"- ","- ",37.943611145019531,-122.54048919677734,MARIN,LARKSPUR,-122.54084777832031,37.943428039550781
9386759,2021,2022-01-18,2102,2021-12-09,1758,103,2,4,5,2,2102,0,0,0,,0,001,"CORTE MADERA AV","POWER POLE 24GS",6.00,S,N,A,-,N,,,,,,,,,,N,3,0,2,3,A,-,01,23153,A,N,B,C,A,A,H,-,C,D,0,,,,,Y,Y,D,22,0,2,0,0,0,0,0,0,0,"- ","- ",37.921878814697266,-122.53044128417969,MARIN,"CORTE MADERA",,
9387101,2021,2022-01-06,2109,2021-07-30,1350,572,19,5,5,5,2109,0,0,0,,0,003,"FRANCISCO BL E","FRANCISCO BL E 737",0.00,,Y,A,-,N,,,,,,,,,,N,3,0,1,2,A,-,03,22350,,N,D,G,A,A,H,-,A,D,0,,Y,,,Y,,L,04,0,1,0,0,0,0,1,0,0,"- ","- ",37.963489532470703,-122.51077270507812,MARIN,"SAN RAFAEL",-122.48802947998047,37.945259094238281
9388043,2021,2022-01-10,2109,2021-12-06,1811,657,14,1,5,5,2109,0,0,0,,0,002,"LINCOLN AV","MISSION AV",0.00,,Y,A,-,N,,,,,,,,,,N,4,0,1,2,A,-,09,21801,A,M,A,C,A,A,H,-,C,A,0,,,,,Y,,A,01,0,0,1,0,0,0,0,0,0,"- ","- ",37.974109649658203,-122.52374267578125,MARIN,"SAN RAFAEL",-122.52340698242188,37.97430419921875
9389943,2021,2022-01-06,2107,2021-04-13,2257,R017,,2,5,1,2107,0,0,0,,0,,"SHADY LN","DEWITT DR",35.00,E,N,A,-,N,,,,,,,,,,Y,3,0,1,1,A,-,03,22350,,N,E,I,A,A,H,-,C,D,0,,,,,Y,,A,01,0,1,0,0,0,0,0,0,0,"- ","- ",37.961788177490234,-122.55885314941406,MARIN,ROSS,-122.55882263183594,37.961818695068359
9390463,2021,2022-02-24,2109,2021-11-30,1417,635,29,2,5,5,2109,0,0,0,,0,004,"MISSION AV","MARY ST",0.00,,Y,A,-,N,,,,,,,,,,N,3,0,1,2,D,-,00,,,N,G,B,B,A,H,-,A,A,0,Y,,,,Y,,-,"- ",0,1,0,0,1,0,0,0,0,"- ","- ",37.972728729248047,-122.51702880859375,MARIN,"SAN RAFAEL",-122.51700592041016,37.972709655761719
9390464,2021,2022-01-24,2109,2021-11-10,1625,648,20,3,5,5,2109,0,0,0,,0,003,"BELLAM BL","RT 580",131.00,S,N,A,-,N,,,,,,,,,,N,3,0,1,2,A,-,03,22350,,N,C,C,A,A,H,-,A,A,0,,,,,Y,,A,01,0,1,0,0,0,0,0,0,0,"- ",EO,37.962799072265625,-122.50669860839844,MARIN,"SAN RAFAEL",-122.50583648681641,37.959831237792969
9390882,2021,2022-01-25,2105,2021-12-31,2036,MV6241,90003,5,5,3,2105,0,0,0,,0,MV2,"EAST BLITHEDALE AV","ASHFORD AV",35.00,W,N,A,-,N,,,,,,,,,,N,4,0,1,2,A,-,08,22107,,N,D,C,A,A,H,-,C,D,0,,,,,Y,,A,01,0,0,1,0,0,0,0,0,0,"- ","- ",,,MARIN,"MILL VALLEY",-122.52271270751953,37.904041290283203
9390884,2021,2022-02-22,2105,2021-12-07,1056,MV6238,90001,2,5,3,2105,0,0,0,,0,MV2,"MILLER AV","VALLEY CIR",0.00,,Y,A,-,N,,,,,,,,,,N,4,0,1,2,A,-,03,22350,,N,G,B,-,A,H,-,A,A,0,Y,,,,Y,,-,,0,0,1,0,1,0,0,0,0,"- ","- ",,,MARIN,"MILL VALLEY",-122.53433990478516,37.895381927490234
9390886,2021,2022-01-25,2105,2021-12-16,1212,MV6208,90003,4,5,3,2105,0,0,0,,0,MV2,"CAMINO ALTO","CAMINO ALTO 40",0.00,,-,A,-,N,,,,,,,,,,N,4,0,1,2,B,-,22,,,N,D,G,A,A,H,-,A,D,0,,Y,,,Y,,A,01,0,0,1,0,0,0,1,0,0,"- ","- ",,,MARIN,"MILL VALLEY",-122.52822875976562,37.901458740234375
9396701,2021,2022-02-07,2109,2021-10-05,1550,630,22,2,5,5,2109,0,0,0,,0,003,"CANAL ST","BAHIA WAY",0.00,,Y,A,-,N,,,,,,,,,,N,3,0,1,2,A,-,21,22106,,N,D,C,A,A,H,-,A,D,0,,,,,Y,,A,01,0,1,0,0,0,0,0,0,0,"- ","- ",37.967288970947266,-122.49839782714844,MARIN,"SAN RAFAEL",-122.49771881103516,37.967491149902344
9402833,2021,2022-03-02,2108,2021-11-30,1224,082,3,2,5,3,2108,0,0,0,,0,003,"SIR FRANCIS DRAKE BL","SAIS AV",0.00,,Y,A,-,N,,,,,,,,,,Y,3,0,2,2,A,-,08,22107,,N,A,C,A,A,H,-,A,D,0,,,,,Y,,-,"- ",0,2,0,0,0,0,0,0,0,"- ","- ",37.981128692626953,-122.56691741943359,MARIN,"SAN ANSELMO",-122.56681823730469,37.981052398681641
9412918,2021,2022-05-11,2106,2021-12-16,1711,420,,4,5,4,2106,0,0,0,,0,,"IGNACIO BL","ALAMEDA DEL PARDO",972.00,W,N,A,-,N,,,,,,,,,,N,4,0,1,2,A,-,12,22450,A,N,D,C,A,A,H,-,C,D,0,,,,,Y,,A,08,0,0,1,0,0,0,0,0,0,"- ","- ",38.065650939941406,-122.54081726074219,MARIN,NOVATO,-122.54371643066406,38.066829681396484
9446173,2021,2022-05-24,2109,2021-10-16,1943,659,15,6,5,5,2109,0,0,0,,0,002,"MISSION AV","HETHERTON ST",0.00,,Y,A,-,N,,,101,,,,,,,Y,3,0,1,2,A,-,09,21801,A,F,D,C,A,A,H,-,A,A,0,,,Y,,Y,,A,07,0,1,0,0,0,0,0,0,1,"- ","- ",37.9739990234375,-122.52147674560547,MARIN,"SAN RAFAEL",-122.52124786376953,37.973926544189453